doc_id,comment,codes,n_quotes,removed
gichx7t,NA,evidence,1,FALSE
gici4em,NA,saving,1,FALSE
gid6uab,NA,saving,1,FALSE
gicirlb,NA,evidence,1,FALSE
gicit22,NA,evidence,1,FALSE
gicite3,NA,NA,0,TRUE
gickc96,NA,NA,0,TRUE
gicm93f,NA,NA,0,TRUE
gicmkcy,NA,NA,0,TRUE
gid05du,NA,NA,0,TRUE
gid1mep,NA,NA,0,TRUE
gid2mcm,NA,NA,0,TRUE
gid2xux,NA,NA,0,TRUE
gid34nb,NA,NA,0,TRUE
gid485w,NA,NA,0,TRUE
gid588b,NA,NA,0,TRUE
gidcwqt,NA,NA,0,TRUE
giddmdg,NA,NA,0,TRUE
gidibex,NA,NA,0,TRUE
gidlis2,NA,NA,0,TRUE
gidmm4p,NA,NA,0,TRUE
gidmvgl,NA,NA,0,TRUE
gidqtfg,NA,NA,0,TRUE
gidt8z5,NA,NA,0,TRUE
gidwftc,NA,NA,0,TRUE
gidypwa,NA,NA,0,TRUE
gie1x7s,NA,NA,0,TRUE
gie6k6d,NA,NA,0,TRUE
gie865r,NA,NA,0,TRUE
gie9wxg,NA,NA,0,TRUE
gieadq1,NA,NA,0,TRUE
giecj9f,NA,NA,0,TRUE
giefj4e,NA,NA,0,TRUE
giefoyj,NA,NA,0,TRUE
gieftwy,NA,NA,0,TRUE
giehcv5,NA,NA,0,TRUE
giejdgf,NA,NA,0,TRUE
gielmmv,NA,NA,0,TRUE
giemll9,NA,NA,0,TRUE
gien31x,NA,NA,0,TRUE
gienldl,NA,NA,0,TRUE
gienwa2,NA,NA,0,TRUE
gieoje9,NA,NA,0,TRUE
giep9aw,NA,NA,0,TRUE
gieres1,NA,NA,0,TRUE
gieu23u,NA,NA,0,TRUE
gievmym,NA,NA,0,TRUE
gif1pa6,NA,NA,0,TRUE
gif6q44,NA,NA,0,TRUE
gifa5w4,NA,NA,0,TRUE
gifh3e7,NA,NA,0,TRUE
gifhcmz,NA,NA,0,TRUE
gifojiv,NA,NA,0,TRUE
gifomj4,NA,NA,0,TRUE
gifq46u,NA,NA,0,TRUE
gig1jdj,NA,NA,0,TRUE
gig659y,NA,NA,0,TRUE
gigt02q,NA,NA,0,TRUE
gigwe72,NA,NA,0,TRUE
gigzuj0,NA,NA,0,TRUE
giidnl9,NA,NA,0,TRUE
giife1b,NA,NA,0,TRUE
giifuei,NA,NA,0,TRUE
giigxcz,NA,NA,0,TRUE
giihew7,NA,NA,0,TRUE
giikzeo,NA,NA,0,TRUE
giin36i,NA,NA,0,TRUE
gij5kh3,NA,NA,0,TRUE
gijtzy2,NA,NA,0,TRUE
gijv532,NA,NA,0,TRUE
gikuhlt,NA,NA,0,TRUE
gikzg7h,NA,NA,0,TRUE
gilfskx,NA,NA,0,TRUE
gilq5fg,NA,NA,0,TRUE
giny0le,NA,NA,0,TRUE
gio7s7y,NA,NA,0,TRUE
gipa92a,NA,NA,0,TRUE
gixn1wr,NA,NA,0,TRUE
gixwg48,NA,NA,0,TRUE
gkhfwuq,NA,NA,0,TRUE
gkhg53f,NA,NA,0,TRUE
giciwms,NA,"analysis
strategy",1,FALSE
giciypc,NA,evidence,1,FALSE
gicj02y,NA,evidence,1,FALSE
gicj2v8,NA,evidence,1,FALSE
gicj2wa,NA,evidence,1,FALSE
gicj2xe,NA,NA,0,FALSE
gicj4h6,NA,evidence,3,FALSE
gicj75z,NA,saving,1,FALSE
gicjbd8,NA,saving,1,FALSE
gickpdg,NA,saving,1,FALSE
gicneb0,NA,saving,1,FALSE
gicob81,NA,saving,1,FALSE
gicomfa,NA,saving,1,FALSE
gicp346,NA,saving,1,FALSE
gicqoto,NA,saving,1,FALSE
gicqqko,NA,saving,1,FALSE
gicr5ku,NA,saving,1,FALSE
gicrbz6,NA,saving,1,FALSE
gics99a,NA,saving,1,FALSE
gicsg37,NA,saving,1,FALSE
gicvoaj,NA,saving,1,FALSE
gicw334,NA,saving,1,FALSE
gicw4sc,NA,saving,1,FALSE
gicxt2a,NA,saving,1,FALSE
gicxums,NA,saving,1,FALSE
gicy83y,NA,saving,1,FALSE
gicydiw,NA,saving,1,FALSE
gicyi36,NA,saving,1,FALSE
gicykes,NA,saving,1,FALSE
gicz7mh,NA,saving,1,FALSE
gicz9fa,NA,saving,1,FALSE
gil05f2,NA,saving,1,FALSE
gil0o84,NA,saving,1,FALSE
gilb9m4,NA,saving,1,FALSE
gilelpm,NA,saving,1,FALSE
gilw69k,NA,saving,1,FALSE
gilwa4g,NA,saving,1,FALSE
gilwfga,NA,saving,1,FALSE
gilyz4h,NA,saving,1,FALSE
gilz2mc,NA,saving,1,FALSE
gilzlyr,NA,saving,1,FALSE
gio1qed,NA,saving,1,FALSE
gio1qon,NA,saving,1,FALSE
gjdrnor,NA,saving,1,FALSE
gicj8zx,NA,evidence,10,FALSE
gicj9gy,NA,evidence,1,FALSE
gicjfc0,NA,encouragement,1,FALSE
gicjhxd,NA,saving,1,FALSE
gicjk03,NA,evidence,1,FALSE
gicjkle,NA,evidence,1,FALSE
gickr89,NA,evidence,1,FALSE
gicjnzb,NA,evidence,1,FALSE
gicjq3d,NA,strategy,1,FALSE
gicjrsw,NA,evidence,1,FALSE
gicjt5v,NA,evidence,2,FALSE
gicjwna,NA,saving,1,FALSE
gick0p6,NA,saving,1,FALSE
gickh2c,NA,saving,1,FALSE
gicot9e,NA,saving,1,FALSE
gicqhq1,NA,saving,1,FALSE
gicqjhf,NA,saving,1,FALSE
gicsbey,NA,saving,1,FALSE
gicscqy,NA,saving,1,FALSE
gicso9b,NA,saving,1,FALSE
gict4t8,NA,saving,1,FALSE
gicvizx,NA,saving,1,FALSE
gicvl55,NA,saving,1,FALSE
gicx6bb,NA,saving,1,FALSE
gicx7ld,NA,saving,1,FALSE
gisjvc0,NA,saving,1,FALSE
giwh295,NA,saving,1,FALSE
gick3zz,NA,evidence,1,FALSE
gick77h,NA,"saving
strategy
evidence",4,FALSE
gick7fj,NA,"evidence
doxing",1,FALSE
gickax9,NA,evidence,1,FALSE
gickgeo,NA,NA,0,FALSE
gickim9,NA,saving,1,FALSE
gickkkd,NA,saving,1,FALSE
gicmb2q,NA,saving,1,FALSE
gicqkxc,NA,saving,1,FALSE
gicslom,NA,saving,1,FALSE
gictwzv,NA,saving,1,FALSE
gicv91b,NA,saving,1,FALSE
gicx5wa,NA,saving,1,FALSE
gicxd5p,NA,saving,1,FALSE
gicxxmp,NA,saving,1,FALSE
gilw0zz,NA,saving,1,FALSE
gion81n,NA,saving,1,FALSE
gip3zon,NA,saving,1,FALSE
gip69e2,NA,saving,1,FALSE
giqixg2,NA,saving,1,FALSE
giqj45j,NA,saving,1,FALSE
gickn4f,NA,saving,1,FALSE
gickr9i,NA,"evidence
scope",5,FALSE
gicksb4,NA,evidence,1,FALSE
gickvfg,NA,evidence,1,FALSE
gickx05,NA,evidence,3,FALSE
gickx4z,NA,evidence,1,FALSE
gickx7m,NA,NA,0,FALSE
gicl2b5,NA,evidence,1,FALSE
gicl4qe,NA,saving,1,FALSE
gicl81a,NA,strategy,1,FALSE
giclax5,NA,"evidence
scope",1,FALSE
gicldxq,NA,encouragement,1,FALSE
gicljpg,NA,evidence,1,FALSE
giclp7u,NA,evidence,4,FALSE
gicly26,NA,evidence,1,FALSE
giclzl1,NA,evidence,1,FALSE
gicm3gq,NA,"evidence
participants",2,FALSE
gicm4bm,NA,evidence,1,FALSE
gicm87o,NA,evidence,1,FALSE
gicm8ko,NA,saving,1,FALSE
gicm9fv,NA,"evidence
participants",2,FALSE
gicmdyt,NA,"evidence
scope",1,FALSE
gicmgfj,NA,evidence,1,FALSE
gicmipi,NA,evidence,1,FALSE
gicmldm,NA,strategy,1,FALSE
gicmpig,NA,"evidence
scope
participants",2,FALSE
gicmpt6,NA,evidence,1,FALSE
gicms5x,NA,saving,1,FALSE
gicmzjo,NA,saving,1,FALSE
gicn1hh,NA,strategy,1,FALSE
gicn55x,NA,saving,1,FALSE
gicnbx0,NA,"evidence
participants",2,FALSE
gicndce,NA,NA,0,FALSE
gicne7f,NA,evidence,1,FALSE
gicnge6,NA,"evidence
analysis
doxing
scope",1,FALSE
gicngfs,NA,strategy,1,FALSE
gicnlxw,NA,evidence,1,FALSE
gicnn67,NA,evidence,1,FALSE
gicnqak,NA,evidence,1,FALSE
gicnrn1,NA,evidence,1,FALSE
gicnuhd,NA,evidence,1,FALSE
gicnvyp,NA,strategy,1,FALSE
gico0iu,NA,saving,1,FALSE
gico1n5,NA,evidence,1,FALSE
gicobgw,NA,"evidence
participants",2,FALSE
gicodcn,NA,saving,1,FALSE
gicoi70,NA,saving,1,FALSE
gicoqsg,NA,saving,1,FALSE
gicor7l,NA,saving,1,FALSE
gicovyt,Gives description of videos in title format ,"evidence
doxing",5,FALSE
gicoyd1,NA,saving,1,FALSE
gicpd92,NA,evidence,1,FALSE
gicph8m,NA,fbi,1,FALSE
gicpnvp,NA,"evidence
analysis",1,FALSE
gicponm,NA,"evidence
participants",2,FALSE
gicpqcx,NA,evidence,1,FALSE
gicpsng,NA,outside_project,1,FALSE
gicptiq,NA,evidence,1,FALSE
gicpxr8,NA,evidence,1,FALSE
gicpz3z,NA,evidence,4,FALSE
gicq1de,NA,doxing,1,FALSE
gicq1ns,NA,"evidence
analysis
participants",2,FALSE
gicq2n7,NA,strategy,1,FALSE
gicq58v,NA,evidence,1,FALSE
gicq5kh,NA,evidence,1,FALSE
gicq6r7,NA,evidence,1,FALSE
gicq6yt,NA,"evidence
participants",3,FALSE
gicq700,NA,strategy,1,FALSE
gicq8t3,NA,"evidence
doxing",1,FALSE
gicq8vx,NA,evidence,1,FALSE
gicqbgt,NA,evidence,1,FALSE
gicqci8,NA,saving,1,FALSE
gicqes0,NA,strategy,1,FALSE
gicqi36,NA,saving,1,FALSE
giejlqh,NA,saving,1,FALSE
giejtvw,NA,saving,1,FALSE
giejxug,NA,saving,1,FALSE
giek1de,NA,saving,1,FALSE
giekia8,NA,saving,1,FALSE
giekso0,NA,saving,1,FALSE
gielvv7,NA,saving,1,FALSE
gicqif9,NA,NA,0,FALSE
gicqjea,NA,evidence,2,FALSE
gicqlkw,NA,encouragement,1,FALSE
gicqmpf,NA,saving,1,FALSE
gict2w1,NA,saving,1,FALSE
gicvc70,NA,saving,1,FALSE
gicquf6,NA,evidence,1,FALSE
gicqz80,NA,evidence,1,FALSE
gicr0rp,NA,"evidence
participants",2,FALSE
gicr0sa,NA,"evidence
analysis",1,FALSE
gicr0za,NA,encouragement,1,FALSE
gicr279,NA,evidence,5,FALSE
gicr2n6,NA,"!!!
caution
analysis
participants",2,FALSE
gicr403,NA,evidence,1,FALSE
gicr4rl,NA,evidence,1,FALSE
gicr6qd,NA,NA,0,FALSE
gid9yjf,NA,NA,0,FALSE
giexczd,NA,NA,0,FALSE
gjbpxkx,NA,NA,0,FALSE
gicr7aj,NA,analysis,1,FALSE
gicr7qr,NA,NA,0,FALSE
gicr8jr,NA,"evidence
participants",5,FALSE
gicr9w8,NA,NA,0,FALSE
gicrbo4,NA,evidence,1,FALSE
gicrele,NA,NA,0,FALSE
gicrgob,NA,"evidence
doxing",1,FALSE
gicrhdo,NA,evidence,7,FALSE
gicrhqk,NA,saving,1,FALSE
gicrjc9,NA,"r/datahorders
motivation",1,FALSE
gicrng2,NA,NA,0,FALSE
gicrnhk,NA,evidence,1,FALSE
gicrnk2,NA,evidence,2,FALSE
gicrns6,NA,"removal
strategy",1,FALSE
gicroh0,NA,evidence,8,FALSE
gicros7,NA,evidence,2,FALSE
gicrq1k,NA,saving,1,FALSE
gisg7i9,NA,saving,1,FALSE
gicrqhp,NA,"evidence
participants",2,FALSE
gicrqll,NA,seeding,1,FALSE
gicrrjr,NA,"evidence
doxing",1,FALSE
gicrsqf,NA,NA,0,FALSE
gicrt10,NA,"evidence
participants",2,FALSE
gicrt46,NA,NA,0,FALSE
gicrtlj,NA,strategy,1,FALSE
gicru5s,NA,saving,1,FALSE
gicrw4m,NA,evidence,1,FALSE
gicrw9q,NA,evidence,1,FALSE
gicrwa0,NA,evidence,1,FALSE
gicrzpt,NA,"evidence
doxing",3,FALSE
gics0vr,NA,evidence,7,FALSE
gics25v,NA,"evidence
!!!
doxing
outside_project
participants",2,FALSE
gics3cf,NA,evidence,1,FALSE
gics4lo,NA,NA,0,FALSE
gics7bv,NA,"evidence
!!!
motivation
participants",2,FALSE
gics7er,NA,evidence,1,FALSE
gics7mz,NA,saving,1,FALSE
gics8zv,NA,strategy,1,FALSE
gics9el,NA,evidence,1,FALSE
gics9qj,NA,strategy,1,FALSE
gicsaf3,NA,evidence,2,FALSE
gicsd28,NA,evidence,1,FALSE
gicsee6,NA,"evidence
participants",2,FALSE
gicsg43,NA,evidence,1,FALSE
gicsjht,NA,evidence,1,FALSE
gicsjs1,NA,"strategy
saving",2,FALSE
gicskvi,NA,motivation,1,FALSE
gicsnlm,NA,evidence,1,FALSE
gicsogx,NA,evidence,1,FALSE
gicsplk,NA,evidence,1,FALSE
gicsq8a,NA,"evidence
doxing
participants",2,FALSE
gicsqvp,NA,evidence,1,FALSE
gicssob,NA,evidence,1,FALSE
gicssou,NA,evidence,1,FALSE
gicsthv,NA,evidence,1,FALSE
gicstks,NA,NA,0,FALSE
gicsttn,NA,"encouragement
motivation",1,FALSE
gicsw9s,NA,evidence,1,FALSE
gicswr4,NA,"evidence
doxing
outside_project
participants",10,FALSE
gicsxj2,NA,evidence,1,FALSE
gicsy9w,They were on top of this before it even ended ,"evidence
!!!",1,FALSE
gicszkm,NA,saving,1,FALSE
gict2x5,NA,evidence,1,FALSE
gict3op,NA,removal,1,FALSE
gict470,"Good example of moral superiority, framing activity as just ""archiving"" but also indicating broader goal of crowdsourced punishment via getting people fired ","encouragement
doxing
motivation",1,FALSE
gict6gl,NA,evidence,1,FALSE
gict746,NA,arguing,1,FALSE
gict75f,NA,evidence,1,FALSE
gict7y4,NA,evidence,1,FALSE
gict8vl,NA,arguing,1,FALSE
gict9bf,NA,evidence,1,FALSE
gictaiw,NA,saving,1,FALSE
gictbwx,NA,saving,1,FALSE
gictelh,NA,"evidence
doxing",1,FALSE
gicteth,NA,evidence,1,FALSE
gictf3l,NA,saving,1,FALSE
gictgun,NA,"evidence
participants",2,FALSE
gicthwv,NA,evidence,2,FALSE
gictji1,NA,analysis,1,FALSE
gictjkc,NA,evidence,2,FALSE
gictka8,NA,evidence,1,FALSE
gictkbl,NA,saving,1,FALSE
gictkt3,NA,arguing,1,FALSE
gictkuw,NA,saving,1,FALSE
gictl7f,NA,evidence,2,FALSE
gictm5w,NA,arguing,1,FALSE
gictmrk,NA,evidence,1,FALSE
gictncr,NA,evidence,1,FALSE
gictoql,NA,"evidence
participants",2,FALSE
gictp8z,NA,arguing,1,FALSE
gictsil,NA,"evidence
participants",2,FALSE
gictsx8,NA,evidence,1,FALSE
gictv15,NA,strategy,1,FALSE
gictxkn,NA,evidence,1,FALSE
gictxwo,NA,"evidence
participants",2,FALSE
gicty15,NA,analysis,1,FALSE
gictyg6,NA,evidence,1,FALSE
gictzhm,NA,evidence,1,FALSE
gicu26q,NA,evidence,2,FALSE
gicu2nl,NA,analysis,1,FALSE
gicu2vv,NA,encouragement,1,FALSE
gid53pc,NA,encouragement,1,FALSE
gidg22o,NA,encouragement,1,FALSE
gie55d4,NA,encouragement,1,FALSE
gicu3lq,NA,"evidence
doxing",1,FALSE
gicu5gi,NA,evidence,1,FALSE
gicu69y,NA,saving,1,FALSE
gicu6ml,NA,evidence,5,FALSE
gicubt0,NA,evidence,1,FALSE
gicucc5,NA,"evidence
participants",2,FALSE
gicudug,NA,evidence,1,FALSE
gicudw8,NA,"evidence
doxing",1,FALSE
gicue1s,NA,evidence,1,FALSE
gicuewt,NA,evidence,1,FALSE
gicuhoe,NA,evidence,1,FALSE
gicuhss,NA,evidence,1,FALSE
gicujki,NA,"encouragement
motivation",1,FALSE
gicul6p,NA,"evidence
!!!
doxing",1,FALSE
giculz2,NA,strategy,1,FALSE
gicum7n,NA,saving,1,FALSE
gicunno,NA,arguing,1,FALSE
gicuq6h,NA,evidence,1,FALSE
gicurn6,NA,"evidence
scope",1,FALSE
gicus5h,NA,"evidence
motivation",1,FALSE
gicusqh,NA,encouragement,1,FALSE
gicuud8,NA,evidence,1,FALSE
gicuujg,NA,"evidence
analysis",1,FALSE
gicuwga,NA,seeding,1,FALSE
gicuwoe,NA,"removal
saving",1,FALSE
gicuwsp,NA,analysis,1,FALSE
gicuxd2,NA,evidence,1,FALSE
gicuxqk,NA,NA,0,FALSE
gicuywr,NA,"evidence
doxing
motivation",2,FALSE
gicv1c0,NA,evidence,1,FALSE
gicv2u5,NA,saving,1,FALSE
gicv3ej,NA,evidence,1,FALSE
gicv4lq,NA,NA,0,FALSE
gicv5ol,NA,"encouragement
motivation",2,FALSE
gicv720,NA,arguing,1,FALSE
gicv781,NA,strategy,1,FALSE
gicvb37,NA,"encouragement
motivation
!!!",1,FALSE
gicvc53,NA,arguing,1,FALSE
gicvdco,NA,"evidence
doxing",1,FALSE
gicvdkd,NA,evidence,2,FALSE
gicvftk,NA,NA,0,FALSE
gicvgvb,NA,"evidence
participants",4,FALSE
gicvhz6,NA,"evidence
participants",2,FALSE
gicvi6d,NA,NA,0,FALSE
gicvjee,NA,saving,1,FALSE
gicvkk5,NA,motivation,1,FALSE
gicvlxd,NA,evidence,1,FALSE
gicvn5x,NA,analysis,1,FALSE
gicvsw3,NA,evidence,1,FALSE
gicvt63,NA,evidence,1,FALSE
gicvtm5,NA,evidence,1,FALSE
gicvz6o,NA,evidence,1,FALSE
gicw0pk,NA,saving,1,FALSE
gicw523,NA,evidence,1,FALSE
gicw5vd,NA,encouragement,1,FALSE
gicw7of,NA,evidence,1,FALSE
gicw9hn,NA,analysis,1,FALSE
gicw9nt,NA,analysis,1,FALSE
gicwa6n,NA,evidence,1,FALSE
gicwbhp,NA,evidence,1,FALSE
gicwcgw,NA,NA,0,FALSE
gicwgne,NA,"evidence
participants",2,FALSE
gicwjaj,NA,strategy,1,FALSE
gicwkcn,NA,evidence,2,FALSE
gicwm8g,NA,evidence,1,FALSE
gicwn5u,NA,saving,1,FALSE
gicwr07,NA,evidence,1,FALSE
gicwrp8,NA,evidence,1,FALSE
gicwvr7,NA,"evidence
doxing",1,FALSE
gicwvur,NA,evidence,1,FALSE
gicwzck,NA,encouragement,1,FALSE
gicx5wv,NA,evidence,4,FALSE
gicx640,NA,"evidence
scope",1,FALSE
gicx7gw,NA,"evidence
scope",1,FALSE
gicx7r6,NA,evidence,1,FALSE
gicx8d2,NA,"motivation
!!!",1,FALSE
gicxa8b,NA,evidence,1,FALSE
gicxb14,NA,evidence,1,FALSE
gicxecd,NA,strategy,1,FALSE
gicxeex,NA,NA,0,FALSE
gicxf6f,NA,analysis,1,FALSE
gicxhpu,NA,analysis,1,FALSE
gicxjda,NA,arguing,1,FALSE
gicxjt4,NA,"encouragement
motivation",1,FALSE
gicxm2e,NA,evidence,2,FALSE
gicxnq7,NA,evidence,1,FALSE
gicxpi4,NA,NA,0,FALSE
gicxsm4,NA,evidence,1,FALSE
gicxt0b,NA,arguing,1,FALSE
gicxv3g,NA,evidence,1,FALSE
gicxw76,NA,NA,0,FALSE
gicxwrg,NA,strategy,1,FALSE
gicxx05,NA,"evidence
removal",1,FALSE
gicxxb7,NA,evidence,1,FALSE
gicxzro,NA,saving,1,FALSE
gicy17k,NA,"encouragement
motivation",1,FALSE
gicy1bp,NA,saving,1,FALSE
gicy2hs,NA,"evidence
participants",2,FALSE
gicy516,NA,evidence,1,FALSE
gicy768,NA,"evidence
participants",2,FALSE
gicy8by,NA,arguing,1,FALSE
gicy9ss,NA,saving,1,FALSE
gicy9wk,NA,evidence,1,FALSE
gicybk8,"This might be the first post to encourage sharing with ""the authorities"" Also LOL at ""not sure if this pro-trump or anti-trump"" ","fbi
motivation
encouragement
!!!",1,FALSE
gicyciy,NA,participants,1,FALSE
gicymdm,NA,evidence,1,FALSE
gicynp1,NA,evidence,1,FALSE
gicyocr,NA,evidence,1,FALSE
gicypt7,NA,"removal
scope",1,FALSE
gicyu32,NA,strategy,1,FALSE
gicyudv,NA,"evidence
doxing",1,FALSE
gicyui7,NA,NA,0,FALSE
gicywai,NA,NA,0,FALSE
gicywfc,NA,evidence,1,FALSE
gicz6k6,NA,"removal
strategy",1,FALSE
giczd2i,NA,NA,0,FALSE
giczgyx,NA,arguing,1,FALSE
giczhad,NA,strategy,1,FALSE
giczhlw,NA,evidence,1,FALSE
giczj1b,NA,evidence,2,FALSE
giczk5q,NA,evidence,1,FALSE
giczlck,NA,evidence,2,FALSE
giczmdl,NA,strategy,1,FALSE
giczomf,NA,evidence,1,FALSE
giczsal,NA,evidence,1,FALSE
gicztbo,NA,NA,0,FALSE
gicztby,NA,NA,0,FALSE
giczu14,NA,NA,0,FALSE
giczv6b,NA,encouragement,2,FALSE
giczv8f,NA,evidence,1,FALSE
giczx9p,NA,evidence,1,FALSE
giczxmj,This is a good comment for coordinating at the next level beyond flooding the thread with new links. ,"saving
strategy",2,FALSE
giczye9,NA,evidence,1,FALSE
giczzh7,NA,evidence,1,FALSE
gid018m,NA,evidence,1,FALSE
gid031v,NA,evidence,1,FALSE
gid03hr,NA,"evidence
doxing",1,FALSE
gid06lb,NA,"evidence
doxing
analysis",3,FALSE
gid06ww,NA,"evidence
doxing",1,FALSE
gid0at2,NA,evidence,1,FALSE
gid0bzd,NA,evidence,1,FALSE
gid0cgi,NA,NA,0,FALSE
gid0gjb,NA,NA,0,FALSE
gid0h5d,NA,seeding,1,FALSE
gid0hqr,NA,"evidence
doxing",1,FALSE
gid0i8l,NA,evidence,1,FALSE
gid0jhm,NA,seeding,1,FALSE
gid0k24,NA,"removal
strategy",1,FALSE
gid0lb5,NA,"removal
evidence",1,FALSE
gid0mgu,NA,strategy,1,FALSE
gid0nhf,NA,evidence,1,FALSE
gid0nl0,NA,evidence,1,FALSE
gid0qdl,NA,NA,0,FALSE
gid0qlg,NA,evidence,1,FALSE
gid0sa8,NA,evidence,1,FALSE
gid0w4t,NA,evidence,1,FALSE
gid0w7o,NA,evidence,1,FALSE
gid0wi9,NA,"evidence
doxing
removal",2,FALSE
gid0y3w,NA,seeding,1,FALSE
gid0y7e,NA,evidence,1,FALSE
gid0ywx,NA,"evidence
doxing",1,FALSE
gid0zpv,NA,evidence,1,FALSE
gid11v3,NA,NA,0,FALSE
gid17o7,NA,evidence,1,FALSE
gid1ad6,NA,"evidence
removal
strategy",2,FALSE
gid1ei4,NA,evidence,1,FALSE
gid1jzz,NA,NA,0,FALSE
gid1ku8,NA,"evidence
removal
strategy",2,FALSE
gid1lwi,NA,"evidence
doxing",1,FALSE
gid1ug2,NA,evidence,1,FALSE
gid1vgu,NA,NA,0,FALSE
gid1wpc,NA,evidence,1,FALSE
gid1xeo,NA,encouragement,1,FALSE
gid1y43,NA,removal,1,FALSE
gid1z1x,NA,"saving
strategy",2,FALSE
gid21w6,NA,saving,1,FALSE
gid25im,NA,encouragement,1,FALSE
gid25tp,NA,NA,0,FALSE
gid2734,NA,NA,0,FALSE
gid28lf,NA,"evidence
removal",1,FALSE
gid29b1,NA,NA,0,FALSE
gid2bpg,NA,NA,0,FALSE
gid2dk2,NA,evidence,1,FALSE
gid2fv5,NA,evidence,1,FALSE
gid2ha0,NA,NA,0,FALSE
gid2ijy,NA,NA,1,FALSE
gid2jg9,NA,evidence,1,FALSE
gid2kuc,NA,encouragement,1,FALSE
gid2l78,NA,NA,0,FALSE
gid2moh,NA,evidence,1,FALSE
gid2p3e,NA,"motivation
seeding",1,FALSE
gid2pb9,NA,evidence,1,FALSE
gid2pr1,NA,"doxing
analysis",1,FALSE
gid2tf9,NA,seeding,1,FALSE
gid2vlk,NA,evidence,1,FALSE
gid2zgx,NA,NA,0,FALSE
gid32n4,NA,saving,1,FALSE
gid33l1,NA,"encouragement
motivation",1,FALSE
gid35dp,NA,NA,0,FALSE
gid3aqz,NA,encouragement,1,FALSE
gid3nev,NA,NA,0,FALSE
gid3rf4,NA,evidence,1,FALSE
gid3rr5,NA,evidence,1,FALSE
gid3tmr,NA,NA,0,FALSE
gid3u3h,NA,NA,0,FALSE
gid3w0e,NA,"removal
strategy
evidence",2,FALSE
gid3x7m,NA,NA,0,FALSE
gid41jo,NA,evidence,1,FALSE
gid4572,NA,NA,1,FALSE
gid46m5,NA,evidence,1,FALSE
gid48vl,NA,saving,1,FALSE
gid4a6v,NA,evidence,1,FALSE
gid4ao8,NA,evidence,1,FALSE
gid4b36,NA,evidence,1,FALSE
gid4csx,NA,seeding,1,FALSE
gid4il8,NA,"motivation
encouragement",2,FALSE
gid4iuj,NA,seeding,1,FALSE
gid4kex,NA,evidence,1,FALSE
gid4n1y,NA,evidence,1,FALSE
gid4p85,NA,evidence,1,FALSE
gid4rcj,NA,outside_project,1,FALSE
gid4s2s,NA,evidence,1,FALSE
gid4tei,NA,NA,0,FALSE
gid4ten,NA,NA,0,FALSE
gid56ri,NA,strategy,2,FALSE
gid5ba5,NA,strategy,1,FALSE
gid5bdi,NA,seeding,1,FALSE
gid5be3,NA,saving,1,FALSE
gid5cdw,NA,encouragement,1,FALSE
gid5d2a,NA,NA,0,FALSE
gid5dn9,NA,NA,0,FALSE
gid5f3h,NA,evidence,1,FALSE
gid5gcl,NA,NA,0,FALSE
gid5iqn,NA,seeding,2,FALSE
gid5tev,NA,evidence,1,FALSE
gid60k2,NA,NA,0,FALSE
gid65lc,NA,evidence,1,FALSE
gid691k,NA,NA,0,FALSE
gid6aan,NA,NA,0,FALSE
gid6ev6,NA,NA,0,FALSE
gid6fnf,NA,evidence,1,FALSE
gid6j13,NA,analysis,1,FALSE
gid6k37,NA,evidence,1,FALSE
gid6khe,NA,evidence,1,FALSE
gid6oky,NA,evidence,1,FALSE
gid6p14,NA,NA,0,FALSE
gid6pdy,NA,evidence,1,FALSE
gid6sur,NA,encouragement,1,FALSE
gid6tix,NA,strategy,1,FALSE
gid6ufl,NA,evidence,1,FALSE
gid6ux1,NA,strategy,1,FALSE
gid6woe,NA,evidence,1,FALSE
gid6yaw,NA,evidence,1,FALSE
gid6z61,NA,strategy,2,FALSE
gid71lc,NA,NA,0,FALSE
gid71tp,NA,NA,0,FALSE
gid72q7,NA,analysis,1,FALSE
gid73hn,NA,NA,0,FALSE
gid765s,NA,NA,0,FALSE
gid78j2,NA,"caution
fbi
motivation",1,FALSE
gid79fz,NA,"evidence
doxing",1,FALSE
gid79r4,NA,strategy,1,FALSE
gid7a5y,NA,evidence,1,FALSE
gid7avn,NA,NA,0,FALSE
gid7aw1,NA,evidence,1,FALSE
gid7ayb,NA,analysis,1,FALSE
gid7hf3,NA,NA,0,FALSE
gid7j4e,NA,strategy,1,FALSE
gid7px0,NA,NA,0,FALSE
gid7qal,NA,NA,0,FALSE
gid7s95,NA,NA,0,FALSE
gid7sva,NA,"evidence
doxing",1,FALSE
gid7wig,NA,analysis,1,FALSE
gid8588,NA,evidence,1,FALSE
gid87d4,NA,"removal
strategy",1,FALSE
gid8aw0,NA,strategy,1,FALSE
gid8bkq,NA,"removal
strategy",1,FALSE
gid8cv8,NA,evidence,1,FALSE
gid8d06,NA,NA,0,FALSE
gid8fyd,"Could be name of thesis? Or case study. Motivation isn't as political as I thought. Could be as simple as: ""It appeared, so I saved it."" Data HORDERs.  ","!!!
removal
motivation
saving",1,FALSE
gid8jo9,NA,evidence,1,FALSE
gid8lcb,NA,NA,0,FALSE
gid8o53,NA,"removal
seeding",1,FALSE
gid8p36,NA,NA,0,FALSE
gid8q5d,NA,evidence,1,FALSE
gid8rj9,NA,NA,0,FALSE
gid8sos,NA,seeding,1,FALSE
gid8suj,NA,saving,1,FALSE
gid8tdm,NA,"evidence
scope",1,FALSE
gid8xkw,NA,analysis,1,FALSE
gid935g,NA,NA,0,FALSE
gid94wa,NA,NA,0,FALSE
gid952t,NA,NA,0,FALSE
gid9a23,NA,encouragement,1,FALSE
gid9cr3,NA,analysis,1,FALSE
gid9d1r,NA,NA,0,FALSE
gid9gjp,NA,evidence,1,FALSE
gid9nn2,NA,NA,0,FALSE
gid9o1x,NA,evidence,1,FALSE
gid9rx9,NA,NA,0,FALSE
gid9v3k,NA,NA,0,FALSE
gid9vkf,NA,strategy,1,FALSE
gid9vqt,NA,strategy,1,FALSE
gid9zes,NA,NA,0,FALSE
gida1s7,NA,NA,0,FALSE
gida6hx,NA,NA,0,FALSE
gida79l,NA,NA,0,FALSE
gida9ne,NA,"removal
encouragement",1,FALSE
gidabrg,NA,evidence,1,FALSE
gidaczp,NA,NA,0,FALSE
gidad7e,NA,"evidence
doxing",1,FALSE
gidaj72,NA,NA,0,FALSE
gidajg1,NA,evidence,1,FALSE
gidakc7,NA,evidence,1,FALSE
gidakzs,NA,NA,0,FALSE
gidaoz0,NA,NA,0,FALSE
gidarv3,NA,"r/datahorders
motivation",1,FALSE
gidas61,NA,evidence,2,FALSE
gidb8h4,NA,NA,0,FALSE
gidjzk8,NA,NA,0,FALSE
giuymtk,NA,NA,0,FALSE
gidbdzr,NA,NA,0,FALSE
gidbfh8,NA,evidence,1,FALSE
gidbhsj,NA,evidence,1,FALSE
gidbi04,NA,"motivation
analysis",3,FALSE
gidbjs2,NA,evidence,1,FALSE
gidbn8q,NA,evidence,1,FALSE
gidboe9,NA,evidence,1,FALSE
gidbqvs,NA,NA,0,FALSE
gidbsru,NA,evidence,1,FALSE
gidbwz9,NA,evidence,1,FALSE
gidbxmd,NA,"motivation
r/datahorders",1,FALSE
gidby0r,NA,evidence,7,FALSE
gidbzwy,NA,"evidence
doxing
motivation",1,FALSE
gidc0wd,NA,evidence,1,FALSE
gidc1je,NA,NA,0,FALSE
gidc4k7,NA,analysis,1,FALSE
gidc56e,NA,NA,1,TRUE
gidhg1c,NA,NA,0,TRUE
gidyxet,NA,NA,0,TRUE
gie75i7,NA,NA,0,TRUE
gif60dv,NA,NA,0,TRUE
gif8nmm,NA,NA,0,TRUE
gif9k3x,NA,NA,0,TRUE
gif9mix,NA,NA,0,TRUE
gifa7iv,NA,NA,0,TRUE
gifhrob,NA,NA,0,TRUE
gifhzkb,NA,NA,0,TRUE
gifi65q,NA,NA,0,TRUE
gific9y,NA,NA,0,TRUE
gifj3xa,NA,NA,0,TRUE
gifkdhf,NA,NA,0,TRUE
gifox3p,NA,NA,0,TRUE
gig33pu,NA,NA,0,TRUE
gig4w3p,NA,NA,0,TRUE
giger82,NA,NA,0,TRUE
gigm16d,NA,NA,0,TRUE
gigvejl,NA,NA,0,TRUE
gih899q,NA,NA,0,TRUE
gihrfbx,NA,NA,0,TRUE
gihyuk7,NA,NA,0,TRUE
gijucmr,NA,NA,0,TRUE
giq4nk5,NA,NA,0,TRUE
girsetj,NA,NA,0,TRUE
gitej4f,NA,NA,0,TRUE
gj7qqup,NA,NA,0,TRUE
gidc941,NA,NA,0,FALSE
gidcapn,NA,"evidence
analysis",1,FALSE
gidcbac,NA,strategy,1,FALSE
gidcc0n,NA,strategy,1,FALSE
gidcfop,NA,"strategy
seeding",1,FALSE
gidclb0,NA,evidence,1,FALSE
gidcm7z,NA,NA,0,FALSE
gidcnm7,NA,evidence,2,FALSE
gidcqfv,NA,NA,0,FALSE
gidcrw2,"""my team"" = a group outside of the reddit crowd ","!!!
motivation",1,FALSE
gidcwmw,NA,strategy,1,FALSE
gidcyv6,NA,NA,0,FALSE
gidd14j,NA,NA,0,FALSE
gidd39h,NA,"motivation
!!!",1,FALSE
gidd67a,NA,analysis,1,FALSE
gidd6ni,NA,"evidence
removal",1,FALSE
gidd7be,NA,strategy,1,FALSE
gidde4q,NA,caution,1,FALSE
giddebl,NA,NA,0,FALSE
giddiwh,NA,NA,0,FALSE
giddmy6,NA,evidence,1,FALSE
giddnlt,NA,NA,0,FALSE
giddnwx,NA,evidence,1,FALSE
giddwsg,NA,evidence,2,FALSE
giddz5w,NA,"strategy
motivation",1,FALSE
gide1kv,NA,NA,0,FALSE
gide4em,NA,"r/datahorders
encouragement",1,FALSE
gidebhj,NA,evidence,1,FALSE
gidecps,NA,evidence,1,FALSE
gideeee,NA,"evidence
doxing",1,FALSE
gideekh,NA,evidence,1,FALSE
gidefh6,NA,motivation,1,FALSE
gideoak,NA,"evidence
doxing
analysis",1,FALSE
gideqgb,NA,strategy,1,FALSE
gideqz6,NA,evidence,1,FALSE
gideszd,NA,evidence,1,FALSE
gidett7,NA,NA,0,FALSE
gidevmg,NA,NA,0,FALSE
gidewbz,NA,"evidence
doxing",1,FALSE
gidewfi,NA,strategy,1,FALSE
gidf0ah,NA,strategy,1,FALSE
gidf2n3,NA,evidence,1,FALSE
gidf98n,NA,evidence,2,FALSE
gidfc5y,NA,"motivation
caution",1,FALSE
gidfcep,NA,NA,0,FALSE
gidfj8l,NA,NA,0,FALSE
gidfjnh,NA,NA,1,FALSE
gidfosw,NA,strategy,1,FALSE
gidfoxk,NA,strategy,1,FALSE
gidfqm2,NA,fbi,1,FALSE
gidfsyj,NA,saving,1,FALSE
gidfthf,NA,NA,0,FALSE
gidfto1,NA,"analysis
evidence",2,FALSE
gidfvq6,NA,NA,0,FALSE
gidfzjv,NA,NA,0,FALSE
gidg0wf,NA,NA,0,FALSE
gidg0xw,NA,NA,0,FALSE
gidg2an,NA,evidence,1,FALSE
gidg4uh,NA,NA,0,FALSE
gidg9pa,NA,evidence,1,FALSE
gidgagy,NA,removal,1,FALSE
gidgchg,NA,evidence,1,FALSE
gidgciy,NA,removal,1,FALSE
gidgfkh,NA,strategy,1,FALSE
gidgomh,NA,strategy,1,FALSE
gidgotc,NA,NA,0,FALSE
gidgovl,NA,removal,1,FALSE
gidgrqo,NA,seeding,1,FALSE
gidgtq1,NA,strategy,1,FALSE
gidgzmx,NA,"caution
r/datahorders",2,FALSE
gidh0ui,NA,"fbi
motivation",1,FALSE
gidh7cj,NA,NA,0,FALSE
gidh87t,NA,analysis,1,FALSE
gidhiah,NA,strategy,1,FALSE
gidhjbh,NA,evidence,1,FALSE
gidhny8,NA,"doxing
analysis",1,FALSE
gidhpba,NA,NA,0,FALSE
gidhsfk,NA,NA,0,FALSE
gidhz0b,NA,NA,0,FALSE
gidi5dr,NA,evidence,1,FALSE
gidi5nm,NA,NA,0,FALSE
gidi8va,NA,NA,0,FALSE
gidik6o,NA,strategy,1,FALSE
gidikgk,NA,"removal
strategy",1,FALSE
gidim3m,NA,"evidence
removal
doxing",1,FALSE
gidir4u,NA,encouragement,1,FALSE
gidiv3x,NA,motivation,1,FALSE
gidivmc,NA,seeding,1,FALSE
gidizhf,NA,"evidence
removal
doxing
strategy",2,FALSE
gidj1sg,NA,seeding,1,FALSE
gidj32f,NA,seeding,1,FALSE
gidj56r,NA,"evidence
removal
doxing",1,FALSE
gidj79z,NA,NA,0,FALSE
gidjajl,NA,NA,0,FALSE
gidjamc,NA,NA,0,FALSE
gidjeny,NA,encouragement,1,FALSE
gidjjx5,NA,NA,0,FALSE
gidjp20,NA,"analysis
doxing",1,FALSE
gidjs6k,NA,NA,0,FALSE
gidju3l,NA,saving,2,FALSE
gidjvkw,NA,NA,0,FALSE
gidjvrk,NA,NA,0,FALSE
gidjvyw,NA,encouragement,1,FALSE
gidjwbx,NA,"evidence
doxing",1,FALSE
gidk2jn,NA,NA,0,FALSE
gidk5lm,NA,analysis,1,FALSE
gidkab1,NA,removal,1,FALSE
gidkc2z,NA,NA,0,FALSE
gidkh1g,NA,"strategy
seeding",1,FALSE
gidkhf5,NA,NA,0,FALSE
gidkiwp,NA,encouragement,1,FALSE
gidkjn2,NA,evidence,1,FALSE
gidkl1r,NA,arguing,1,FALSE
gidkn2d,NA,analysis,1,FALSE
gidkrx5,NA,arguing,1,FALSE
gidkuao,NA,evidence,1,FALSE
gidl2w2,NA,NA,0,FALSE
gidl3sn,NA,arguing,1,FALSE
gidl6pc,NA,arguing,1,FALSE
gidlbae,NA,analysis,1,FALSE
gidlevs,NA,strategy,1,FALSE
gidllwx,NA,evidence,1,FALSE
gidlmld,NA,strategy,1,FALSE
gidlsiy,NA,evidence,1,FALSE
gidlt5x,NA,NA,0,FALSE
gidm28h,NA,NA,0,FALSE
gidm55m,NA,NA,0,FALSE
gie8sxz,NA,NA,0,FALSE
gif85mt,NA,NA,0,FALSE
gidm9r1,NA,NA,0,FALSE
gidmb3j,NA,strategy,1,FALSE
gidmbep,NA,NA,0,FALSE
gidmevu,NA,NA,0,FALSE
gidmfit,NA,NA,0,FALSE
gidmioj,NA,arguing,1,FALSE
gidmndy,NA,NA,0,FALSE
gidmoy2,NA,evidence,1,FALSE
gidmqno,NA,arguing,1,FALSE
gidmt4j,NA,NA,0,FALSE
gidmutw,NA,evidence,1,FALSE
gidn1qh,NA,NA,0,FALSE
gidn3wt,NA,NA,0,FALSE
gidn3xb,NA,NA,0,FALSE
gidn595,NA,analysis,1,FALSE
gidn5lp,NA,evidence,1,FALSE
gidn7o6,NA,arguing,1,FALSE
gidn7qx,NA,NA,0,FALSE
gidn8nq,NA,analysis,1,FALSE
gidnarr,NA,"evidence
doxing",1,FALSE
gidnc2j,NA,NA,0,FALSE
gidngkt,NA,NA,0,FALSE
gidnl8z,NA,NA,0,FALSE
gidnnv8,NA,NA,0,FALSE
gido0b8,NA,NA,0,FALSE
gido1m8,NA,outside_project,1,FALSE
gido7qy,NA,NA,0,FALSE
gido7r5,NA,evidence,1,FALSE
gidoe4z,NA,NA,1,FALSE
gidofrk,NA,strategy,1,FALSE
gidookw,NA,motivation,1,FALSE
gidoozd,NA,arguing,1,FALSE
gidopeg,NA,strategy,1,FALSE
gidor8q,NA,"caution
analysis
motivation",3,FALSE
gidor9r,NA,NA,0,FALSE
gidorpr,NA,"evidence
doxing",1,FALSE
gidosws,NA,encouragement,1,FALSE
gidov40,NA,encouragement,1,FALSE
gidozav,NA,motivation,1,FALSE
gidp0uv,NA,NA,0,FALSE
gidp490,NA,NA,0,FALSE
gidpi0w,NA,NA,0,FALSE
gidpkgn,NA,strategy,1,FALSE
gidpkwz,NA,evidence,1,FALSE
gidplc4,NA,strategy,1,FALSE
gidpnox,NA,"motivation
encouragement",1,FALSE
gidpp38,NA,arguing,1,FALSE
gidq11u,NA,strategy,1,FALSE
gidqb0k,NA,"strategy
seeding",1,FALSE
gidqc6u,NA,NA,0,FALSE
gidqc73,NA,arguing,1,FALSE
gidqcyv,NA,NA,0,FALSE
gidqczr,"A lot of the speculation is about what could have happened, rather than what did or did not happen. Like, ""you would have done the same"" or ""he would have been killed if he did that"", more judgemental than piecing together the story.  ",analysis,1,FALSE
gidqdqr,NA,"doxing
outside_project",1,FALSE
gidqgx5,NA,strategy,1,FALSE
gidqis1,NA,saving,1,FALSE
gidql4p,NA,saving,1,FALSE
gidqm9m,NA,NA,0,FALSE
gidqrk2,NA,NA,0,FALSE
gidqyfl,NA,evidence,1,FALSE
gidr1h9,NA,NA,0,FALSE
gidr389,NA,NA,0,FALSE
gidrdmz,"""started a file"" sounds like how the FBI treats people ","doxing
strategy",1,FALSE
gidrel0,NA,NA,0,FALSE
gidrku6,NA,encouragement,1,FALSE
gidrpd6,NA,encouragement,1,FALSE
gids0kk,NA,strategy,1,FALSE
gids2az,NA,seeding,1,FALSE
gids3js,NA,"evidence
doxing",1,FALSE
gids48n,NA,NA,0,FALSE
gids5ll,NA,encouragement,1,FALSE
gids92j,NA,evidence,1,FALSE
gidsd4o,NA,NA,0,FALSE
gidsepw,NA,arguing,1,FALSE
gidsevo,NA,"encouragement
r/datahorders
motivation",2,FALSE
gidsq3q,NA,NA,0,FALSE
gidsydr,NA,NA,0,FALSE
gidt0wn,NA,analysis,1,FALSE
gidt56w,NA,analysis,1,FALSE
gidt5qa,NA,NA,0,FALSE
gidtchs,NA,NA,0,FALSE
gidtdpp,NA,analysis,1,FALSE
gidth9p,NA,analysis,1,FALSE
gidthak,NA,seeding,1,FALSE
gidtq0g,NA,arguing,1,FALSE
gidtr8m,NA,strategy,1,FALSE
gidtsaz,NA,encouragement,1,FALSE
gidtue9,NA,NA,0,FALSE
gidtuoe,NA,NA,0,FALSE
gidtyhi,NA,arguing,1,FALSE
gidu3yv,NA,NA,0,FALSE
gidu6ib,NA,NA,0,FALSE
gidu7ni,NA,strategy,1,FALSE
giducp8,NA,NA,0,FALSE
giduho2,NA,"encouragement
strategy
motivation",3,FALSE
giduig6,NA,seeding,1,FALSE
gidukpb,Rioters posted online  ,NA,0,FALSE
gidumk2,NA,removal,1,FALSE
gidun4m,NA,evidence,1,FALSE
giduots,NA,"evidence
motivation",1,FALSE
gidusui,NA,"evidence
analysis",1,FALSE
gidutly,NA,encouragement,1,FALSE
giduuia,NA,NA,0,FALSE
giduvr2,NA,analysis,1,FALSE
gidv75y,NA,arguing,1,FALSE
gidvb70,NA,analysis,1,FALSE
gidvcpe,NA,encouragement,1,FALSE
gidvhtj,NA,"encouragement
evidence",2,FALSE
gidvpi3,NA,evidence,1,FALSE
gidvrok,NA,evidence,1,FALSE
gidvvm9,NA,seeding,1,FALSE
gidvvns,NA,evidence,1,FALSE
gidvwya,NA,removal,1,FALSE
gidvznj,NA,encouragement,1,FALSE
gidvzwi,NA,"r/datahorders
encouragement",1,FALSE
gidw180,NA,"encouragement
evidence",2,FALSE
gidw4y4,NA,"evidence
doxing",1,FALSE
gidwesb,NA,arguing,1,FALSE
gidwfpf,NA,evidence,1,FALSE
gidwnoa,NA,evidence,1,FALSE
gidwnz9,NA,NA,0,FALSE
gidwotj,NA,NA,0,FALSE
gidwoz0,NA,evidence,1,FALSE
gidwqrj,NA,NA,0,FALSE
gidwwcu,NA,evidence,1,FALSE
gidwxt8,NA,strategy,1,FALSE
gidxa5g,NA,"removal
seeding",1,FALSE
gidxm89,NA,NA,0,FALSE
gidxmgs,NA,evidence,1,FALSE
gidxmqe,NA,evidence,1,FALSE
gidxnsw,NA,encouragement,1,FALSE
gidxxxe,NA,strategy,1,FALSE
gidy00i,NA,NA,0,FALSE
gidy1mq,NA,NA,0,FALSE
gidy3ls,NA,strategy,1,FALSE
gidy7en,NA,evidence,1,FALSE
gidycxm,NA,evidence,1,FALSE
gidyd91,NA,NA,0,FALSE
gidyegw,NA,"analysis
motivation",1,FALSE
gidyep1,NA,NA,0,FALSE
gidyiqs,NA,"seeding
strategy",1,FALSE
gidyl3l,The speculation is almost always about what could have happened rather that what did happen. ,analysis,1,FALSE
gidynvn,NA,seeding,1,FALSE
gidyrka,NA,analysis,1,FALSE
gidyu3m,NA,strategy,1,FALSE
gidyxvq,NA,NA,0,FALSE
gidyybs,NA,NA,0,FALSE
gidz0sr,NA,NA,0,FALSE
gidz38h,NA,NA,0,FALSE
gidz8zw,NA,strategy,1,FALSE
gidzgpl,NA,"encouragement
motivation",1,FALSE
gidzhjo,NA,strategy,1,FALSE
gidzpsl,NA,NA,0,FALSE
gidzwbm,NA,evidence,1,FALSE
gidzz1o,NA,removal,1,FALSE
gidzzhc,NA,NA,0,FALSE
gie0250,NA,NA,0,FALSE
gie07xu,NA,"evidence
doxing",1,FALSE
gie08zl,NA,NA,0,FALSE
gie0a6q,NA,NA,0,FALSE
gie0eml,NA,analysis,1,FALSE
gie0git,NA,NA,0,FALSE
gie0h5d,NA,NA,0,FALSE
gie0hgv,NA,strategy,1,FALSE
gie0ij4,NA,evidence,1,FALSE
gie0jur,NA,analysis,1,FALSE
gie0n19,NA,"evidence
!!!",35,FALSE
gie0rj5,NA,analysis,1,FALSE
gie0trk,NA,NA,0,FALSE
gie0u2d,NA,evidence,1,FALSE
gie0v01,NA,analysis,1,FALSE
gie0vow,NA,analysis,1,FALSE
gie17xf,NA,NA,0,FALSE
gie1rhp,NA,strategy,1,FALSE
gie1rwq,NA,strategy,1,FALSE
gie1vwr,NA,analysis,1,FALSE
gie1xl2,NA,evidence,1,FALSE
gie1yfk,NA,NA,0,FALSE
gie204s,NA,evidence,1,FALSE
gif3o0h,NA,evidence,1,FALSE
gie217u,NA,evidence,1,FALSE
gie22jq,NA,"strategy
seeding",1,FALSE
gie240x,NA,NA,0,FALSE
gie26p6,NA,analysis,1,FALSE
gie28k5,NA,arguing,1,FALSE
gie2bc3,NA,evidence,1,FALSE
gie2gqk,NA,arguing,1,FALSE
gie2jmp,NA,NA,1,FALSE
gie2kfs,NA,NA,0,FALSE
gie2l7e,NA,strategy,1,FALSE
gie2osh,NA,NA,0,FALSE
gie2ouo,NA,NA,0,FALSE
gie2pc4,NA,NA,0,FALSE
gie2thl,NA,"evidence
removal",1,FALSE
gie2ttd,NA,evidence,1,FALSE
gie2vnt,NA,evidence,1,FALSE
gie2wfn,NA,evidence,1,FALSE
gie2wj0,NA,encouragement,1,FALSE
gie30nf,NA,encouragement,1,FALSE
gie32d4,NA,evidence,2,FALSE
gie3730,NA,encouragement,1,FALSE
gie3e3y,NA,NA,0,FALSE
gie3flv,NA,motivation,1,FALSE
gie3ksy,NA,"!!!
motivation
doxing",1,FALSE
gie3p2a,NA,NA,0,FALSE
gie3ppi,NA,evidence,1,FALSE
gie3xk6,NA,strategy,1,FALSE
gie3z2z,NA,"evidence
doxing",1,FALSE
gie41yu,NA,seeding,1,FALSE
gie46bm,NA,evidence,1,FALSE
gie4dr0,NA,arguing,1,FALSE
gie4f5i,NA,motivation,1,FALSE
gie4hgh,NA,evidence,1,FALSE
gie4i4n,NA,strategy,1,FALSE
gie4ido,NA,NA,0,FALSE
gie4jjd,NA,NA,0,FALSE
gie4jyn,NA,NA,0,FALSE
gie4ny4,NA,evidence,1,FALSE
gie4tgr,NA,NA,0,FALSE
gie4uxi,NA,NA,0,FALSE
gie4xet,NA,NA,0,FALSE
gie4y4l,NA,"evidence
removal",1,FALSE
gie4y6j,NA,NA,0,FALSE
gie5049,NA,strategy,1,FALSE
gie547u,NA,evidence,1,FALSE
gie5b4i,NA,evidence,1,FALSE
gie5mi9,NA,arguing,1,FALSE
gie5ms5,NA,NA,0,FALSE
gie5pml,NA,strategy,1,FALSE
gie5ro2,NA,!!!,1,FALSE
gie5sml,NA,arguing,1,FALSE
gie5srp,NA,evidence,1,FALSE
giefi4v,NA,evidence,1,FALSE
gie5uyu,NA,!!!,1,FALSE
gie5whn,NA,NA,0,FALSE
gie5yhu,NA,evidence,1,FALSE
gie5zz0,NA,seeding,1,FALSE
gie5zzj,NA,NA,0,FALSE
gie61pe,NA,NA,0,FALSE
gie61pn,NA,NA,0,FALSE
gie65qz,NA,NA,0,FALSE
gie69ig,NA,NA,0,FALSE
gie6d46,NA,arguing,1,FALSE
gie6iaj,NA,evidence,1,FALSE
gie6j08,NA,evidence,1,FALSE
gie6w03,NA,analysis,1,FALSE
gie6zp8,NA,arguing,1,FALSE
gie70s5,NA,motivation,1,FALSE
gie712w,NA,NA,0,FALSE
gie74rv,NA,arguing,1,FALSE
gie79g8,NA,"!!!
arguing",2,FALSE
gie7bfw,NA,"evidence
doxing",1,FALSE
gie7c6v,NA,NA,0,FALSE
gie7dss,NA,evidence,1,FALSE
gie7m3p,NA,NA,0,FALSE
gie7sca,NA,NA,0,FALSE
gie7uwo,NA,encouragement,1,FALSE
gie7wry,NA,NA,0,FALSE
gie7xa8,NA,NA,0,FALSE
gie7xmc,NA,NA,0,FALSE
gie875q,NA,seeding,1,FALSE
gie879c,NA,seeding,1,FALSE
gie88c5,NA,arguing,1,FALSE
gie8av8,NA,motivation,1,FALSE
gie8bja,NA,"evidence
motivation",2,FALSE
gie8fnn,NA,"removal
strategy",1,FALSE
gie8h72,NA,evidence,1,FALSE
gie8j4y,NA,NA,0,FALSE
gie8noq,NA,strategy,1,FALSE
gie8zzl,NA,evidence,1,FALSE
gie90hk,NA,seeding,1,FALSE
gie910q,NA,seeding,1,FALSE
gie975z,NA,strategy,1,FALSE
gie9aso,NA,arguing,1,FALSE
gie9cuf,NA,fbi,1,FALSE
gie9sh9,NA,seeding,1,FALSE
gie9spg,NA,NA,0,FALSE
gie9xgb,NA,fbi,1,FALSE
gie9xi5,NA,strategy,1,FALSE
gie9yd5,NA,arguing,1,FALSE
giea0gr,NA,NA,0,FALSE
giea2iw,NA,NA,0,FALSE
giea3oj,NA,fbi,1,FALSE
giea49a,NA,evidence,1,FALSE
giea62c,NA,evidence,1,FALSE
giea8ka,NA,strategy,1,FALSE
gieaa0c,NA,NA,0,FALSE
gifhubz,NA,NA,0,FALSE
giead98,NA,arguing,1,FALSE
gieadqc,NA,strategy,1,FALSE
gieaegh,NA,NA,0,FALSE
gieafbw,NA,fbi,1,FALSE
gieagpi,NA,NA,0,FALSE
gieanpv,NA,strategy,1,FALSE
gieaosi,NA,arguing,1,FALSE
giearml,NA,NA,0,FALSE
gieax7a,NA,"evidence
doxing",1,FALSE
gieaykt,NA,seeding,1,FALSE
gieb07h,NA,strategy,1,FALSE
gieb1th,NA,analysis,1,FALSE
giebkpn,NA,NA,0,FALSE
giebks0,NA,motivation,1,FALSE
giebodu,NA,NA,0,FALSE
giebp1w,NA,analysis,1,FALSE
giebqs0,NA,evidence,1,FALSE
giebtrk,NA,fbi,1,FALSE
giebusj,NA,analysis,1,FALSE
giebxtv,NA,evidence,1,FALSE
giebyqw,NA,strategy,1,FALSE
giec8k4,NA,fbi,1,FALSE
gieca2k,NA,NA,0,FALSE
giecc2a,NA,seeding,1,FALSE
giece8p,NA,NA,0,FALSE
gieclr7,NA,fbi,1,FALSE
giecm5d,NA,fbi,1,FALSE
gied0hq,NA,seeding,1,FALSE
gied5uj,NA,fbi,1,FALSE
gied825,NA,NA,0,FALSE
gied8rm,NA,fbi,1,FALSE
giksnoy,NA,fbi,1,FALSE
giedce4,NA,"evidence
doxing",1,FALSE
gieddac,NA,strategy,1,FALSE
giedgei,NA,NA,0,FALSE
giedgqq,NA,NA,0,FALSE
giedj3f,NA,NA,0,FALSE
giedk1x,NA,NA,0,FALSE
giedoiz,NA,evidence,1,FALSE
giedpt1,NA,NA,0,FALSE
gieds5a,NA,NA,0,FALSE
giedtyy,NA,NA,0,FALSE
giedvef,NA,NA,0,FALSE
giee12s,NA,NA,0,FALSE
giee2xx,NA,"evidence
removal",1,FALSE
giee6em,NA,"fbi
caution",1,FALSE
giee7i5,NA,strategy,1,FALSE
giee811,NA,NA,0,FALSE
gieeaj3,NA,NA,0,FALSE
gieecza,NA,evidence,1,FALSE
gieedg0,NA,analysis,1,FALSE
gieee4c,NA,encouragement,1,FALSE
gieeghm,NA,arguing,1,FALSE
gieeif5,NA,caution,1,FALSE
gieenac,NA,strategy,1,FALSE
gieeqpp,NA,strategy,1,FALSE
gieet1o,NA,evidence,1,FALSE
gieetmm,NA,saving,1,FALSE
gieew5c,NA,analysis,1,FALSE
gieex6i,NA,removal,1,FALSE
gieey0o,misinformation? ,evidence,1,FALSE
gieezmq,NA,arguing,1,FALSE
gief27x,NA,NA,0,FALSE
gief2b5,NA,evidence,1,FALSE
gief367,NA,analysis,1,FALSE
gief7t6,NA,strategy,1,FALSE
gief8d7,NA,NA,0,FALSE
giefamb,NA,NA,0,FALSE
giefaxc,NA,strategy,1,FALSE
giefdwj,NA,NA,0,FALSE
giefi62,NA,analysis,1,FALSE
giefijh,NA,"evidence
strategy",1,FALSE
giefnag,NA,evidence,1,FALSE
gifclzs,NA,evidence,1,FALSE
giefntv,NA,analysis,1,FALSE
giefpui,NA,"evidence
doxing",1,FALSE
giefqex,NA,strategy,1,FALSE
giefs6r,NA,arguing,1,FALSE
giefti8,NA,seeding,1,FALSE
giefv06,NA,analysis,1,FALSE
giefwg3,NA,strategy,1,FALSE
giefzku,NA,NA,0,FALSE
gieg4k8,NA,strategy,1,FALSE
giepp55,NA,strategy,1,FALSE
gieg668,NA,NA,0,FALSE
gieg68t,NA,strategy,1,FALSE
gieg7p4,NA,strategy,1,FALSE
gieg8yb,NA,strategy,1,FALSE
giegv35,NA,strategy,1,FALSE
gifrc0c,NA,strategy,1,FALSE
gifreo7,NA,strategy,1,FALSE
gifrgee,NA,strategy,1,FALSE
gifrkke,NA,strategy,1,FALSE
gifrqzp,NA,strategy,1,FALSE
gifrrus,NA,strategy,1,FALSE
gieg7ay,NA,"caution
doxing
motivation",2,FALSE
gieg95v,NA,strategy,1,FALSE
gieg9yz,NA,fbi,1,FALSE
gif68kq,NA,fbi,1,FALSE
giegaaz,NA,seeding,1,FALSE
giegfxn,NA,strategy,1,FALSE
gieghmz,NA,strategy,1,FALSE
giegi9r,NA,NA,0,FALSE
giegizd,NA,strategy,1,FALSE
giegkd3,NA,strategy,1,FALSE
gieglqk,NA,strategy,1,FALSE
giegq17,NA,strategy,1,FALSE
giegsay,NA,NA,0,FALSE
giegt9i,NA,strategy,1,FALSE
giegvly,NA,evidence,1,FALSE
giegwj9,NA,evidence,1,FALSE
gieh0k5,NA,NA,0,FALSE
gieh32e,NA,NA,0,FALSE
gieh3gl,NA,analysis,1,FALSE
gieh42v,NA,"evidence
doxing",1,FALSE
gieh499,NA,seeding,1,FALSE
gieh4tf,NA,NA,0,FALSE
gieh5pl,NA,NA,0,FALSE
gieh754,NA,fbi,1,FALSE
gieh8mh,NA,analysis,1,FALSE
gieh8sh,NA,fbi,1,FALSE
gieh9ng,NA,NA,0,FALSE
giehaiv,NA,NA,0,FALSE
giehc51,NA,NA,0,FALSE
gihe7id,NA,NA,0,FALSE
giehgjr,NA,strategy,1,FALSE
giehgzf,NA,strategy,1,FALSE
giehhkt,NA,evidence,1,FALSE
giehhoy,NA,strategy,1,FALSE
giehjsp,NA,"evidence
strategy",2,FALSE
giehkg8,NA,NA,0,FALSE
giehxm3,NA,"evidence
doxing",1,FALSE
giehyon,NA,removal,1,FALSE
giei4js,NA,NA,0,FALSE
gieqqat,NA,NA,0,FALSE
gifh5lt,NA,NA,0,FALSE
giei552,NA,NA,0,FALSE
giei76a,NA,NA,0,FALSE
gieienk,NA,analysis,1,FALSE
gieifn9,NA,"encouragement
seeding",1,FALSE
gieig04,NA,NA,0,FALSE
gieih7b,NA,strategy,1,FALSE
gieihql,NA,"seeding
strategy",3,FALSE
gieihsz,NA,analysis,1,FALSE
gieik49,NA,evidence,2,FALSE
gieikna,NA,strategy,1,FALSE
gieimtz,NA,NA,0,FALSE
gieizit,NA,NA,0,FALSE
giej2ys,NA,evidence,1,FALSE
giej4dn,NA,arguing,1,FALSE
giej6sa,NA,NA,0,FALSE
giej73f,NA,"!!!
doxing",1,FALSE
giejbvp,NA,"seeding
encouragement",3,FALSE
giejdfz,NA,NA,0,FALSE
giejhas,NA,evidence,1,FALSE
giejhoo,NA,analysis,1,FALSE
gieji1m,NA,"arguing
motivation",2,FALSE
giejkc5,NA,strategy,1,FALSE
giejozf,NA,"evidence
analysis",1,FALSE
giejpnb,NA,analysis,1,FALSE
giejtvo,NA,evidence,1,FALSE
giejuby,NA,NA,0,FALSE
giejufu,NA,seeding,1,FALSE
giejvc2,NA,analysis,1,FALSE
giejw1u,NA,arguing,1,FALSE
giejx5s,NA,motivation,1,FALSE
giejyj9,NA,NA,0,FALSE
giejzj2,NA,NA,0,FALSE
giek0de,NA,NA,0,FALSE
giek1wb,NA,"fbi
motivation",3,FALSE
giek60s,NA,saving,1,FALSE
giek64w,NA,NA,0,FALSE
giek6dc,NA,NA,0,FALSE
giek7cx,NA,NA,0,FALSE
giek8ob,NA,saving,1,FALSE
giek8ro,NA,"encouragement
motivation",2,FALSE
giekasj,NA,seeding,1,FALSE
giekb1k,NA,"evidence
arguing
r/datahorders",3,FALSE
gieki21,NA,NA,0,FALSE
gieki9o,NA,evidence,1,FALSE
gieko10,NA,"strategy
encouragement",2,FALSE
giekrsk,NA,"evidence
analysis",1,FALSE
giel3lc,NA,strategy,1,FALSE
giel3rh,NA,evidence,1,FALSE
giel4kz,NA,fbi,1,FALSE
giela6v,NA,strategy,1,FALSE
gieldzd,NA,fbi,1,FALSE
gielei1,NA,NA,0,FALSE
gielwq4,NA,removal,1,FALSE
gielzcc,NA,NA,0,FALSE
giem2um,NA,encouragement,1,FALSE
giemb5m,NA,NA,0,FALSE
giemigs,NA,analysis,1,FALSE
giemoki,NA,evidence,1,FALSE
giemrie,NA,NA,0,FALSE
giemzaq,NA,NA,0,FALSE
giemzgf,NA,NA,0,FALSE
giemzue,NA,"encouragement
r/datahorders",2,FALSE
gien8z8,NA,arguing,1,FALSE
gienat8,NA,NA,0,FALSE
gienpf9,NA,NA,0,FALSE
gienq2o,NA,fbi,1,FALSE
gieodn9,NA,seeding,2,FALSE
gieouj4,NA,encouragement,1,FALSE
giep1m1,NA,NA,0,FALSE
giep9o9,NA,NA,0,FALSE
giepfm8,NA,NA,0,FALSE
giepjxx,NA,encouragement,2,FALSE
giepk01,NA,NA,0,FALSE
giepkli,NA,evidence,5,FALSE
gieplif,NA,NA,0,FALSE
giepmhd,NA,strategy,1,FALSE
giepr8u,NA,strategy,1,FALSE
giepuo2,NA,evidence,1,FALSE
giepwdu,NA,NA,0,FALSE
gieq0lw,NA,"evidence
motivation",1,FALSE
gieq303,NA,evidence,1,FALSE
gieqao6,NA,NA,0,FALSE
gieqeh5,NA,seeding,1,FALSE
gieqi0d,NA,NA,0,FALSE
gieqi73,NA,NA,0,FALSE
gieqkg8,NA,NA,0,FALSE
gieqn96,NA,seeding,1,FALSE
gieqt62,NA,seeding,1,FALSE
gieqtec,NA,"encouragement
fbi",2,FALSE
gieqxy9,NA,evidence,1,FALSE
gier28y,NA,NA,0,FALSE
gier6o7,NA,"evidence
fbi",1,FALSE
gier77k,NA,analysis,1,FALSE
gier8fa,NA,NA,0,FALSE
gier8x7,NA,fbi,1,FALSE
giera4a,NA,evidence,2,FALSE
gierckn,NA,motivation,1,FALSE
giercll,NA,strategy,1,FALSE
gierg5g,NA,motivation,1,FALSE
gierkgz,NA,evidence,1,FALSE
gierlbs,NA,arguing,1,FALSE
giermtd,NA,strategy,1,FALSE
gierpkk,NA,outside_project,1,FALSE
gierrir,NA,NA,0,FALSE
giert6l,NA,fbi,1,FALSE
gies112,NA,NA,0,FALSE
gies5aq,NA,outside_project,1,FALSE
giesanc,This is a good one for serious accusation and using time of day / weather to ID someone. Check back for replies in thread? ,removal,2,FALSE
giesiv5,"Was original purpose of thread to collect evidence of people, or just of the event? This comment shows a focus on the people involved in the riot, not just the aftermath.  ","evidence
motivation",2,FALSE
giesj5y,NA,evidence,1,FALSE
gieslva,NA,NA,0,FALSE
giesn9o,NA,!!!,1,FALSE
giesunh,NA,encouragement,1,FALSE
giet17s,NA,evidence,1,FALSE
gietoa4,NA,evidence,1,FALSE
gietrhm,Digging into an individual's past and connecting them to other individuals (Rudy G) ,doxing,1,FALSE
gieu1pp,NA,"evidence
scope",1,FALSE
gieu2mu,NA,arguing,1,FALSE
gieu42o,NA,NA,0,FALSE
gieu7bt,NA,analysis,1,FALSE
gieuf01,NA,NA,0,FALSE
gieuhbr,NA,"arguing
motivation",2,FALSE
gieujps,NA,NA,0,FALSE
gieuqzg,NA,analysis,1,FALSE
gieuuaj,NA,NA,0,FALSE
giev04n,NA,NA,0,FALSE
giev955,NA,NA,0,FALSE
gieva2e,NA,NA,0,FALSE
giews3m,NA,NA,0,FALSE
gievevt,NA,strategy,1,FALSE
gievey0,NA,seeding,1,FALSE
gievf7f,NA,NA,0,FALSE
gievfh9,NA,fbi,1,FALSE
gievgbx,NA,fbi,1,FALSE
gievks5,NA,NA,0,FALSE
gievl93,NA,NA,0,FALSE
gievmi3,NA,encouragement,1,FALSE
gievwit,NA,"strategy
motivation",2,FALSE
giew86l,NA,NA,0,FALSE
giewdeg,NA,NA,0,FALSE
giewdzt,NA,encouragement,1,FALSE
giewh1r,NA,NA,0,FALSE
giewo7h,NA,seeding,1,FALSE
giewqq7,NA,strategy,1,FALSE
giewt68,NA,arguing,1,FALSE
giex2j2,NA,analysis,1,FALSE
giex4q7,NA,strategy,1,FALSE
giex8gj,NA,evidence,1,FALSE
giexghs,NA,fbi,1,FALSE
giexib4,NA,analysis,1,FALSE
giexoha,NA,strategy,1,FALSE
giextdm,NA,strategy,1,FALSE
giexv8r,NA,NA,0,FALSE
giey8tx,NA,evidence,1,FALSE
gieydt8,NA,evidence,1,FALSE
gieyu4l,NA,evidence,1,FALSE
giez0wd,NA,strategy,1,FALSE
giez3on,NA,analysis,1,FALSE
giez6lc,NA,evidence,1,FALSE
giezr4w,NA,NA,0,FALSE
giezu4q,NA,NA,0,FALSE
giezuan,NA,NA,0,FALSE
giezvwj,NA,evidence,1,FALSE
gif04zl,NA,fbi,1,FALSE
gif050v,NA,arguing,1,FALSE
gif0aop,NA,encouragement,1,FALSE
gif0iif,NA,arguing,1,FALSE
gif0k6b,NA,NA,0,FALSE
gif0pkt,NA,NA,0,FALSE
gif0qxt,NA,NA,0,FALSE
gif0s5c,NA,NA,0,FALSE
gif0vu3,NA,NA,0,FALSE
gif0zvk,NA,NA,0,FALSE
gif1doy,NA,"evidence
doxing",1,FALSE
gif1red,NA,NA,0,FALSE
gif1yij,NA,strategy,1,FALSE
gif22ms,NA,motivation,1,FALSE
gif3nx9,NA,motivation,1,FALSE
gif24b7,NA,motivation,1,FALSE
gif2f8f,NA,NA,0,FALSE
gif2g61,NA,NA,0,FALSE
gif2hwv,NA,NA,0,FALSE
gif2lut,NA,NA,0,FALSE
gif2rhq,NA,"!!!
fbi
caution",1,FALSE
gif2vgv,NA,arguing,1,FALSE
gif31rr,NA,NA,0,FALSE
gif3hhv,NA,NA,0,FALSE
gif3lqg,NA,NA,0,FALSE
gif3n7s,NA,NA,0,FALSE
gif3pb5,NA,NA,0,FALSE
gif3vok,NA,evidence,1,FALSE
gif3vwd,NA,"evidence
doxing",1,FALSE
gif40yp,NA,fbi,1,FALSE
gif41rh,NA,NA,0,FALSE
gif45mk,NA,NA,0,FALSE
gif4al0,NA,NA,0,FALSE
gif4cpn,NA,NA,0,FALSE
gif4hob,NA,evidence,5,FALSE
gif4onz,NA,evidence,21,FALSE
gif4qhx,NA,motivation,1,FALSE
gif4xu7,NA,NA,0,FALSE
gif4zcy,NA,NA,0,FALSE
gif58ig,NA,NA,0,FALSE
gif58ty,NA,strategy,1,FALSE
gif5btq,NA,"fbi
evidence",1,FALSE
gif5cx6,NA,"encouragement
motivation
fbi",3,FALSE
gif5f6n,NA,"fbi
evidence",1,FALSE
gif5isw,NA,NA,0,FALSE
gif5jx4,NA,fbi,1,FALSE
gif5o6i,NA,NA,0,FALSE
gif5rni,NA,strategy,1,FALSE
gif5vqy,NA,doxing,1,FALSE
gif5xpa,NA,"doxing
outside_project",1,FALSE
gif5w33,NA,analysis,1,FALSE
gif5w5w,NA,NA,0,FALSE
gif65c4,NA,seeding,1,FALSE
gif65wz,NA,encouragement,1,FALSE
gif68kr,NA,evidence,1,FALSE
gif6aeu,NA,NA,0,FALSE
gif6h3u,NA,fbi,1,FALSE
gif6l2h,NA,motivation,1,FALSE
gif6m3z,NA,NA,0,FALSE
gif6o2b,NA,motivation,1,FALSE
gif6oii,NA,strategy,1,FALSE
gif6op3,NA,fbi,1,FALSE
gif6s71,NA,NA,0,FALSE
gif6zcf,NA,seeding,1,FALSE
gif72td,NA,NA,0,FALSE
gif77ou,NA,NA,0,FALSE
gif7l5a,NA,"evidence
doxing",1,FALSE
gif7nnx,NA,fbi,1,FALSE
gif7ojd,NA,encouragement,1,FALSE
gif7ph4,NA,arguing,1,FALSE
gif7tcm,NA,NA,0,FALSE
gif7tv3,NA,NA,0,FALSE
gif7vwq,NA,NA,0,FALSE
gif7x40,NA,"encouragement
motivation",1,FALSE
gif7xsw,NA,arguing,1,FALSE
gif7zqx,NA,NA,0,FALSE
gif87fl,NA,NA,0,FALSE
gif8c77,NA,NA,0,FALSE
gif8d6l,NA,NA,0,FALSE
gif8j8j,NA,NA,0,FALSE
gif8jva,NA,arguing,1,FALSE
gif8lh2,NA,NA,0,FALSE
gif8pmb,NA,encouragement,1,FALSE
gifiwuf,NA,encouragement,1,FALSE
gif8qap,NA,NA,0,FALSE
gif8rc0,NA,NA,0,FALSE
gif8t4f,NA,NA,0,FALSE
gif94w9,NA,saving,1,FALSE
gif9avz,NA,analysis,1,FALSE
gif9ele,NA,NA,0,FALSE
gif9mig,NA,NA,0,FALSE
gif9pzp,NA,fbi,1,FALSE
gif9qeq,NA,NA,0,FALSE
gif9qsq,NA,removal,1,FALSE
gifa1sg,NA,analysis,1,FALSE
gifa1yd,NA,NA,0,FALSE
gifa66u,NA,NA,0,FALSE
gifa8eg,NA,NA,0,FALSE
gifa8r6,NA,evidence,1,FALSE
gifa8sj,NA,evidence,1,FALSE
gifaa08,Acknowledges that r/datahorders is doing the work of the FBI for free ,fbi,1,FALSE
gifacjf,NA,outside_project,1,FALSE
gifacpl,NA,NA,0,FALSE
gifashi,NA,seeding,1,FALSE
gifatzk,NA,fbi,1,FALSE
gifb0q8,NA,NA,0,FALSE
gifb1bs,NA,NA,0,FALSE
gifb4hx,NA,evidence,1,FALSE
gifbith,NA,analysis,1,FALSE
gifc0yn,NA,arguing,1,FALSE
gifc4vc,NA,evidence,1,FALSE
gifc5ps,NA,motivation,1,FALSE
gifcbpl,NA,seeding,1,FALSE
gifcgk4,NA,seeding,1,FALSE
gifchn0,NA,seeding,1,FALSE
gifcmqk,NA,saving,1,FALSE
gifcqoe,NA,encouragement,1,FALSE
gifcug5,NA,evidence,1,FALSE
gifcw2v,NA,arguing,1,FALSE
gifd8gy,NA,NA,0,FALSE
gifdnhv,NA,NA,0,FALSE
gifdr5y,NA,NA,0,FALSE
gifdulx,NA,arguing,1,FALSE
gifdvte,NA,NA,0,FALSE
gife23s,NA,r/datahorders,1,FALSE
gife8eu,NA,NA,0,FALSE
gife90x,NA,analysis,1,FALSE
gifecg4,NA,NA,0,FALSE
gifefe3,NA,"fbi
motivation",1,FALSE
gifeg5n,NA,NA,0,FALSE
gifej4e,NA,evidence,1,FALSE
gifelj6,NA,NA,0,FALSE
gifeo8b,NA,analysis,1,FALSE
gifeppw,NA,NA,0,FALSE
gifex2q,NA,NA,0,FALSE
gifexrm,NA,analysis,1,FALSE
gifeziw,NA,evidence,1,FALSE
giff13y,NA,NA,0,FALSE
giff2t8,NA,evidence,1,FALSE
giff3c7,NA,NA,0,FALSE
giff8p6,NA,NA,0,FALSE
giffryt,NA,seeding,1,FALSE
giffsec,NA,seeding,1,FALSE
giffw3c,NA,analysis,1,FALSE
giffwb0,NA,"removal
strategy",1,FALSE
giffwok,NA,"removal
strategy",1,FALSE
gifg252,NA,evidence,1,FALSE
gifg2qj,NA,"removal
strategy",1,FALSE
gifg2sy,NA,"removal
strategy",1,FALSE
gifg606,NA,analysis,1,FALSE
gifg9az,NA,NA,0,FALSE
gifgdhx,NA,"removal
strategy",1,FALSE
gifgevf,NA,analysis,1,FALSE
gifgjhr,NA,evidence,1,FALSE
gifgkwh,NA,arguing,1,FALSE
gifglzl,NA,removal,1,FALSE
gifgp2m,NA,"fbi
motivation",1,FALSE
gifgp4k,NA,NA,0,FALSE
gifgwhn,NA,NA,0,FALSE
gifgz1d,NA,NA,0,FALSE
gifhgwk,NA,"removal
strategy",1,FALSE
gifhlsp,NA,NA,0,FALSE
gifhmv9,NA,analysis,1,FALSE
gifhoqz,NA,NA,0,FALSE
gifhvt7,NA,NA,0,FALSE
gifi01o,NA,NA,0,FALSE
gifi0ep,NA,"fbi
motivation",1,FALSE
gifi0ze,NA,"fbi
motivation",1,FALSE
gifi21p,NA,fbi,1,FALSE
gifi31l,NA,analysis,1,FALSE
gifi3jc,NA,"evidence
fbi",1,FALSE
gifi693,NA,NA,0,FALSE
gifi9zv,NA,analysis,1,FALSE
gifinqh,NA,"fbi
motivation",1,FALSE
gifipai,NA,fbi,1,FALSE
gifivgh,NA,"fbi
strategy",1,FALSE
gifizfl,NA,removal,1,FALSE
gifj3hn,NA,removal,1,FALSE
gifj5pk,NA,arguing,1,FALSE
gifj8xp,NA,NA,0,FALSE
gifjbcq,NA,"fbi
motivation",1,FALSE
gifjuj6,NA,"!!!
doxing
strategy",1,FALSE
gifjvc0,NA,encouragement,1,FALSE
gifk27e,NA,NA,0,FALSE
gifk518,NA,seeding,1,FALSE
gifk53o,NA,strategy,1,FALSE
gifkadr,NA,analysis,1,FALSE
gifkbzd,NA,analysis,1,FALSE
gifkot7,NA,NA,0,FALSE
gifkp1n,NA,outside_project,1,FALSE
gifkteo,NA,encouragement,1,FALSE
gifkvuu,NA,NA,0,FALSE
gifkxbd,NA,evidence,1,FALSE
gifkxlq,NA,NA,0,FALSE
giflnvv,NA,evidence,1,FALSE
giflouc,NA,"encouragement
motivation
removal",1,FALSE
giflvaw,NA,NA,0,FALSE
giflxdr,NA,arguing,1,FALSE
giflz1j,NA,NA,0,FALSE
gifm1xe,NA,analysis,1,FALSE
gifm2aw,NA,removal,1,FALSE
gifmaje,NA,"motivation
fbi
strategy",3,FALSE
gifmbld,NA,"doxing
analysis",1,FALSE
gifmfc3,NA,NA,0,FALSE
gifmyu3,NA,evidence,1,FALSE
gifn0lg,NA,analysis,1,FALSE
gifn10u,NA,encouragement,1,FALSE
gifn179,NA,fbi,1,FALSE
gifn682,NA,seeding,1,FALSE
gifna5v,NA,"evidence
doxing",1,FALSE
gifnc8n,NA,evidence,1,FALSE
gifnlpv,NA,analysis,1,FALSE
gifnrgj,NA,NA,0,FALSE
gifnw2h,NA,NA,0,FALSE
gifnwwa,NA,removal,1,FALSE
gifo33e,NA,NA,0,FALSE
gifo9el,NA,removal,1,FALSE
gifoh8a,NA,strategy,1,FALSE
gifok45,NA,NA,0,FALSE
gifp0et,NA,strategy,1,FALSE
gifp1bt,NA,strategy,1,FALSE
gifp3as,NA,NA,0,FALSE
gifp4tf,NA,"evidence
!!!",1,FALSE
gifp7vt,NA,strategy,1,FALSE
gifpebv,NA,arguing,1,FALSE
gifph6b,NA,"evidence
doxing",1,FALSE
gifpj10,NA,"seeding
strategy
motivation
encouragement",4,FALSE
gifpp8k,NA,NA,0,FALSE
gifpssc,NA,"removal
motivation",2,FALSE
gifpwkt,NA,NA,0,FALSE
gifpyhh,NA,NA,0,FALSE
gifr46j,NA,encouragement,1,FALSE
gifrcwv,NA,"encouragement
motivation",1,FALSE
gifrgek,NA,"fbi
motivation",1,FALSE
gifrk6i,NA,NA,1,FALSE
gifrmbq,NA,strategy,1,FALSE
gifrp7y,NA,strategy,1,FALSE
gifrpya,NA,encouragement,1,FALSE
gifrq6k,NA,strategy,1,FALSE
gifrsyy,NA,strategy,1,FALSE
gifrv7i,NA,strategy,1,FALSE
gifrx4n,NA,strategy,1,FALSE
gifryfx,NA,strategy,1,FALSE
gifrzw7,NA,strategy,1,FALSE
gifryy4,NA,evidence,1,FALSE
gifs24q,NA,NA,0,FALSE
gifs3qc,NA,NA,0,FALSE
gifs50i,NA,"encouragement
strategy",3,FALSE
gifs7pd,NA,NA,0,FALSE
gifs87t,NA,encouragement,1,FALSE
gifs9hx,NA,strategy,1,FALSE
gifse2p,NA,strategy,1,FALSE
gifsnnr,NA,encouragement,1,FALSE
gift1j3,NA,arguing,1,FALSE
giftnyl,NA,strategy,1,FALSE
giftuq4,NA,strategy,1,FALSE
gifu0eh,NA,encouragement,1,FALSE
gifu1by,NA,analysis,1,FALSE
gifua0j,NA,fbi,1,FALSE
gifufzs,NA,NA,0,FALSE
gifuhcg,NA,"motivation
seeding",2,FALSE
gifupxu,NA,evidence,1,FALSE
gifurmm,NA,evidence,2,FALSE
gifv036,NA,analysis,1,FALSE
gifv2eo,NA,"encouragement
strategy",2,FALSE
gifv34w,NA,analysis,1,FALSE
gifv41l,NA,evidence,1,FALSE
gifv7bo,NA,"doxing
analysis",1,FALSE
gifvasm,NA,"encouragement
removal",1,FALSE
gifvf04,NA,NA,0,FALSE
gifvkbc,NA,NA,0,FALSE
gifvote,NA,NA,0,FALSE
gifvup1,NA,evidence,1,FALSE
gifvvd4,NA,strategy,1,FALSE
gifwf1m,NA,encouragement,1,FALSE
gifwmpv,NA,encouragement,1,FALSE
gifwstt,NA,encouragement,1,FALSE
gifwzkf,NA,seeding,1,FALSE
gifx8fb,NA,fbi,1,FALSE
gifxa75,NA,NA,0,FALSE
gifxkyk,NA,"motivation
arguing",2,FALSE
gifxuio,NA,seeding,1,FALSE
gifxyb5,NA,NA,0,FALSE
gify6y0,NA,NA,0,FALSE
gifyn70,NA,evidence,1,FALSE
gifzq4v,NA,arguing,1,FALSE
gifzrar,NA,NA,0,FALSE
gifzwq5,NA,NA,0,FALSE
gig0mkw,NA,fbi,1,FALSE
gig0ytj,NA,encouragement,1,FALSE
gig13k2,NA,!!!,1,FALSE
gig1lzg,NA,"encouragement
motivation",1,FALSE
gig1mod,NA,seeding,1,FALSE
gig1nb2,NA,NA,0,FALSE
gig1tgz,NA,strategy,1,FALSE
gig20dl,NA,analysis,1,FALSE
gig25ma,NA,arguing,1,FALSE
gig29v0,NA,NA,0,FALSE
gig2crg,NA,fbi,1,FALSE
gig2hbz,NA,analysis,1,FALSE
gig2j5r,NA,NA,0,FALSE
gig2wm4,NA,analysis,1,FALSE
gig32w9,NA,NA,0,FALSE
gig394r,NA,analysis,1,FALSE
gig3ede,NA,NA,0,FALSE
gig3qxp,NA,"!!!
doxing",1,FALSE
gig41yu,NA,NA,0,FALSE
gig42b5,NA,NA,0,FALSE
gig4fro,NA,NA,0,FALSE
gig6m58,NA,evidence,1,FALSE
gig6rip,NA,analysis,1,FALSE
gig6xgs,NA,arguing,1,FALSE
gig6zmi,NA,NA,0,FALSE
gig73lo,NA,strategy,1,FALSE
gig7592,NA,evidence,1,FALSE
gig7bes,NA,analysis,1,FALSE
gig7qr1,NA,NA,0,FALSE
gig7rnd,NA,NA,0,FALSE
gig7rpl,NA,arguing,1,FALSE
gig7s1k,NA,fbi,1,FALSE
gig7xcq,NA,NA,0,FALSE
gig7xd8,NA,strategy,1,FALSE
gig80ei,NA,strategy,1,FALSE
gig84ki,NA,NA,0,FALSE
gig8lae,NA,"!!!
motivation",1,FALSE
gig8ocf,NA,NA,0,FALSE
gig8p68,NA,analysis,1,FALSE
gig8vba,NA,NA,0,FALSE
gig8zt5,NA,NA,0,FALSE
gig8ztd,NA,NA,0,FALSE
gig920y,NA,encouragement,1,FALSE
gig966b,NA,NA,0,FALSE
gig9kxo,NA,analysis,1,FALSE
gig9t2h,NA,saving,1,FALSE
gig9uk5,NA,NA,0,FALSE
giga8w4,NA,NA,0,FALSE
gigad9p,NA,fbi,1,FALSE
gigawez,NA,"!!!
doxing",2,FALSE
gigblif,NA,"!!!
doxing
motivation",1,FALSE
gigc2yi,NA,"fbi
strategy",1,FALSE
gigcb0v,NA,"!!!
doxing",1,FALSE
gigd9bq,NA,"analysis
fbi",1,FALSE
gigdzr9,NA,"motivation
removal
!!!",3,FALSE
gige77e,NA,analysis,1,FALSE
gige8vi,NA,NA,0,FALSE
gigees1,NA,analysis,1,FALSE
gigefy4,NA,encouragement,1,FALSE
gigej85,this was later proven to be fake. what are the comments / upvotes like? ,evidence,1,FALSE
gigeqqy,NA,NA,0,FALSE
gigewiw,NA,fbi,1,FALSE
gigfda2,NA,NA,0,FALSE
gigfv68,NA,evidence,1,FALSE
giggakp,NA,"!!!
doxing",1,FALSE
giggpl4,NA,NA,0,FALSE
giggppq,NA,NA,0,FALSE
giggqig,NA,NA,0,FALSE
gigh0pa,NA,NA,0,FALSE
gigh3vy,NA,NA,0,FALSE
gigh918,NA,doxing,1,FALSE
gigha7i,NA,fbi,1,FALSE
gighajy,NA,NA,0,FALSE
gigheeh,NA,NA,0,FALSE
gighgkf,NA,strategy,1,FALSE
gighqwe,NA,NA,0,FALSE
gigi1p5,NA,NA,0,FALSE
gigvjbk,NA,NA,0,FALSE
gigiifa,NA,NA,0,FALSE
gigiofb,NA,evidence,1,FALSE
gigiumv,NA,NA,0,FALSE
gigizst,NA,NA,0,FALSE
gigjkgg,NA,"encouragement
motivation",1,FALSE
gigjn54,NA,NA,0,FALSE
gigjuw3,NA,NA,0,FALSE
gigkhnj,NA,analysis,1,FALSE
gigkwjl,NA,NA,0,FALSE
gigl48x,NA,NA,0,FALSE
gigm1ga,NA,NA,0,FALSE
gigmrdb,NA,NA,0,FALSE
gigmrea,NA,strategy,1,FALSE
gigmua2,NA,encouragement,1,FALSE
gigmxd4,NA,arguing,1,FALSE
gigmyo8,NA,NA,0,FALSE
gign2pi,NA,NA,0,FALSE
gihumey,NA,NA,0,FALSE
gilnfbv,NA,NA,0,FALSE
gis4r6y,NA,NA,0,FALSE
gignfyw,NA,evidence,1,FALSE
gignnv9,NA,NA,0,FALSE
gigo3ii,NA,NA,0,FALSE
gigo6by,NA,evidence,1,FALSE
gigo89s,NA,NA,0,FALSE
gigo8y2,NA,NA,0,FALSE
gigod5i,NA,NA,0,FALSE
gigolm2,NA,NA,0,FALSE
gigp0z1,NA,NA,0,FALSE
gigpk07,NA,NA,0,FALSE
gigpn7m,NA,NA,0,FALSE
gigq1l5,NA,NA,0,FALSE
gigq7dc,NA,motivation,1,FALSE
gigquom,NA,evidence,1,FALSE
gigqxn0,NA,NA,0,FALSE
gigrhzg,NA,NA,0,FALSE
gigro5l,NA,NA,0,FALSE
gigrrre,NA,evidence,1,FALSE
gigs2jx,NA,motivation,1,FALSE
gigs3wg,NA,NA,0,FALSE
gigs4sn,NA,NA,1,FALSE
gigs8gm,NA,NA,0,FALSE
gigsjv7,NA,NA,0,FALSE
gigslue,NA,motivation,1,FALSE
gigst74,NA,NA,0,FALSE
gigstj8,NA,"strategy
removal
doxing
!!!",1,FALSE
gigt8w0,NA,motivation,1,FALSE
gigtlto,NA,evidence,1,FALSE
giguf0a,NA,NA,0,FALSE
gigugbl,NA,NA,0,FALSE
gigunzh,NA,NA,0,FALSE
gigupqh,NA,analysis,1,FALSE
giguswo,NA,NA,0,FALSE
gigutbz,NA,analysis,1,FALSE
giguvs3,NA,NA,0,FALSE
gigv3fd,NA,NA,0,FALSE
gigvoj4,NA,NA,0,FALSE
gigw5yx,NA,motivation,1,FALSE
gigw96h,NA,"encouragement
participants",2,FALSE
gigwqg3,NA,NA,0,FALSE
gigwxip,NA,fbi,1,FALSE
gigx8j9,NA,NA,0,FALSE
gigxlqn,NA,NA,0,FALSE
gigxmtw,NA,"doxing
analysis",1,FALSE
gigxos3,NA,analysis,1,FALSE
gigxsan,NA,"doxing
!!!",1,FALSE
gigxyg9,NA,NA,0,FALSE
gigycvv,NA,analysis,1,FALSE
gigyhli,NA,strategy,1,FALSE
gigz0dh,NA,arguing,1,FALSE
gigzm1z,NA,arguing,1,FALSE
gigztyc,NA,NA,0,FALSE
gigzw97,NA,NA,0,FALSE
gigzxpf,NA,NA,0,FALSE
gih06qz,NA,arguing,1,FALSE
gih0xz0,NA,analysis,1,FALSE
gih18e6,NA,arguing,1,FALSE
gih1a27,NA,arguing,1,FALSE
gih1cum,NA,"!!!
analysis",1,FALSE
gih1uef,NA,analysis,1,FALSE
gih1w1t,NA,doxing,1,FALSE
gih1wbx,NA,seeding,1,FALSE
gih3c3j,NA,evidence,4,FALSE
gih433w,NA,"!!!
caution",1,FALSE
gih44tu,NA,NA,0,FALSE
gih48c4,NA,NA,0,FALSE
gih4avc,NA,NA,0,FALSE
gih4gg2,NA,NA,0,FALSE
gih4jk2,NA,"!!!
caution",1,FALSE
gih4lrs,NA,"evidence
removal
scope",3,FALSE
gih4s3c,NA,NA,0,FALSE
gih4zrs,NA,NA,0,FALSE
gih50ar,NA,analysis,1,FALSE
gih5s10,NA,NA,0,FALSE
gih692v,NA,NA,0,FALSE
gih6ngw,NA,"evidence
doxing",2,FALSE
gih76gp,NA,NA,0,FALSE
gih8ifx,NA,analysis,1,FALSE
gih8uvg,NA,NA,0,FALSE
gih90pw,NA,NA,0,FALSE
gih9k5x,NA,NA,0,FALSE
gih9pk6,NA,NA,0,FALSE
gihah3r,NA,NA,0,FALSE
gihalya,NA,NA,0,FALSE
gihaxj8,NA,"doxing
evidence",1,FALSE
gihbbug,NA,evidence,1,FALSE
gihbh7d,NA,evidence,1,FALSE
gihbhtc,NA,NA,0,FALSE
gihbrq4,NA,"!!!
doxing",1,FALSE
gihc38h,NA,"fbi
participants",2,FALSE
gihc7zk,NA,"participants
evidence",2,FALSE
gihcpci,NA,NA,0,FALSE
gihcypa,NA,doxing,1,FALSE
gihd37z,NA,"doxing
evidence",1,FALSE
gihd7ul,NA,NA,0,FALSE
gihd9sd,NA,!!!,1,FALSE
gihdw6j,NA,saving,1,FALSE
gihh7gn,NA,analysis,1,FALSE
gihhdi9,NA,"!!!
doxing",1,FALSE
gihiiqn,NA,NA,0,FALSE
gihj68h,NA,NA,0,FALSE
gihjeah,NA,NA,0,FALSE
gihjyqj,NA,evidence,1,FALSE
gihk3t5,NA,arguing,1,FALSE
gihk7fs,NA,arguing,1,FALSE
gihkc21,NA,seeding,1,FALSE
gihkd1f,NA,NA,0,FALSE
gihkmc5,NA,NA,0,FALSE
gihks5f,NA,arguing,1,FALSE
gihlf0x,NA,NA,0,FALSE
gihma40,NA,NA,0,FALSE
gihmmt3,NA,encouragement,1,FALSE
gihmt0s,"check replies, do people take issue with helping FBI? ","fbi
!!!",1,FALSE
gihn6bj,NA,"!!!
doxing",1,FALSE
gihn750,NA,arguing,1,FALSE
giho29r,NA,arguing,1,FALSE
giho4js,NA,arguing,1,FALSE
giho2y2,NA,participants,1,FALSE
giho5y0,NA,"removal
seeding",1,FALSE
gihoi1x,NA,NA,0,FALSE
gihon9m,NA,arguing,1,FALSE
gihonqm,NA,"evidence
!!!",1,FALSE
gihpm0b,NA,arguing,1,FALSE
gihqw38,NA,fbi,1,FALSE
gihr6i6,NA,seeding,1,FALSE
gihrgmv,NA,arguing,1,FALSE
gihrx95,NA,participants,2,FALSE
gihs0yc,NA,seeding,1,FALSE
gihs4dq,NA,NA,0,FALSE
gihs6ix,NA,evidence,1,FALSE
gihscr5,NA,fbi,1,FALSE
gihsd3t,NA,NA,0,FALSE
gihse9s,NA,"participants
doxing
removal",3,FALSE
gihshb0,NA,NA,0,FALSE
gihshnj,NA,NA,0,FALSE
gihsqsi,NA,NA,0,FALSE
gihssmh,NA,strategy,1,FALSE
gihsuxj,NA,"evidence
analysis
doxing",1,FALSE
gihsv61,NA,NA,0,FALSE
gihsz5v,NA,arguing,1,FALSE
giht2bg,NA,caution,1,FALSE
gihte8o,NA,doxing,1,FALSE
gihtnzq,NA,NA,0,FALSE
gihtww0,NA,"arguing
participants",2,FALSE
gihu1gn,NA,NA,0,FALSE
gihu9ae,NA,"participants
caution",2,FALSE
gihuaeb,NA,NA,0,FALSE
gihuo94,NA,"participants
caution",2,FALSE
gihv7as,NA,NA,0,FALSE
gihvry9,NA,NA,0,FALSE
gihvtyx,NA,NA,0,FALSE
gihvwsg,NA,NA,0,FALSE
gihw0is,NA,NA,0,FALSE
gihw3ef,NA,NA,0,FALSE
gihx097,NA,"strategy
removal",2,FALSE
gihxcqu,NA,analysis,1,FALSE
gihxlmg,NA,arguing,1,FALSE
gihxryo,NA,arguing,1,FALSE
gihy7aa,NA,arguing,1,FALSE
gihyyp6,NA,"evidence
doxing
motivation",2,FALSE
gihz0ud,NA,NA,0,FALSE
gihz4v2,NA,"participants
arguing",2,FALSE
gihze3j,NA,analysis,1,FALSE
gihzmh9,NA,NA,0,FALSE
gihzuef,NA,analysis,1,FALSE
gii0fjx,NA,evidence,1,FALSE
gii0i9w,NA,NA,0,FALSE
gii0v5t,NA,arguing,1,FALSE
gii10d7,NA,NA,0,FALSE
gii17if,NA,seeding,1,FALSE
gii1bly,NA,arguing,1,FALSE
gii1eup,NA,"!!!
fbi",1,FALSE
gii25r4,NA,arguing,1,FALSE
gii2a6z,NA,"outside_project
doxing",1,FALSE
gii32f1,NA,"arguing
participants",2,FALSE
gii3r03,NA,NA,0,FALSE
gii3tl3,NA,NA,0,FALSE
gii4by5,NA,NA,0,FALSE
gii56gw,NA,NA,0,FALSE
gii5k5a,NA,NA,0,FALSE
gii6det,NA,NA,0,FALSE
gii7d8k,NA,"evidence
analysis",1,FALSE
gii81ej,NA,arguing,1,FALSE
gii8goa,NA,evidence,1,FALSE
gii8h1f,NA,arguing,1,FALSE
gii9im6,NA,analysis,1,FALSE
gii9r57,NA,seeding,1,FALSE
giia4n6,NA,strategy,1,FALSE
giibown,NA,NA,0,FALSE
giiby42,NA,analysis,1,FALSE
giic1wu,NA,arguing,1,FALSE
giic63b,NA,NA,0,FALSE
giic7cb,NA,NA,0,FALSE
giid9wq,NA,NA,0,FALSE
giie38u,NA,analysis,1,FALSE
giie4y6,NA,arguing,1,FALSE
giif1pe,NA,arguing,1,FALSE
giif2ih,NA,evidence,1,FALSE
giifm22,NA,arguing,1,FALSE
giifnij,NA,strategy,1,FALSE
giifraw,NA,"fbi
outside_project
!!!",1,FALSE
giifvsq,NA,NA,0,FALSE
giig4r0,NA,!!!,1,FALSE
giig4tr,NA,arguing,1,FALSE
giigd6a,NA,arguing,1,FALSE
giighyk,NA,NA,0,FALSE
giigny9,NA,strategy,1,FALSE
giigyx9,NA,NA,0,FALSE
giih6ic,NA,encouragement,1,FALSE
giih7qi,NA,arguing,1,FALSE
giihifm,NA,arguing,1,FALSE
giihk3k,NA,strategy,1,FALSE
giihw5k,NA,evidence,1,FALSE
giii0iq,NA,evidence,1,FALSE
giiio20,NA,NA,0,FALSE
giiirw2,NA,"analysis
participants",2,FALSE
giiixge,NA,NA,0,FALSE
giijdvc,NA,arguing,1,FALSE
giijjr2,NA,arguing,1,FALSE
giijtcg,NA,NA,0,FALSE
giik2bq,NA,NA,0,FALSE
giik2y9,NA,"analysis
participants",2,FALSE
giikedu,NA,arguing,1,FALSE
giikpsl,NA,NA,0,FALSE
giikt4e,NA,evidence,1,FALSE
giiktwj,NA,"doxing
evidence",1,FALSE
giil3cx,NA,arguing,1,FALSE
giil8pc,NA,NA,0,FALSE
giilgwz,NA,removal,1,FALSE
giilpct,NA,strategy,1,FALSE
giilrt9,NA,arguing,1,FALSE
giilu5w,NA,analysis,1,FALSE
giim5o8,NA,"removal
!!!",1,FALSE
giim7a7,NA,evidence,1,FALSE
giimglc,NA,"evidence
scope",1,FALSE
giimn4c,NA,arguing,1,FALSE
giimp72,NA,evidence,1,FALSE
giin51j,NA,NA,0,FALSE
giin8t1,NA,"!!!
doxing",1,FALSE
giiogrx,NA,"evidence
analysis",2,FALSE
giiottx,NA,"evidence
doxing",1,FALSE
giioyrg,NA,NA,0,FALSE
giip0b0,NA,"fbi
motivation",1,FALSE
giip75h,NA,strategy,1,FALSE
giip8j1,NA,NA,0,FALSE
giipc5b,NA,NA,0,FALSE
giipgh6,NA,NA,0,FALSE
giiqi46,NA,NA,0,FALSE
giiques,NA,NA,0,FALSE
giiqyto,NA,strategy,1,FALSE
giireuk,NA,arguing,1,FALSE
giishj0,NA,arguing,1,FALSE
giislmf,NA,NA,0,FALSE
giisr7h,NA,analysis,1,FALSE
giiufex,NA,strategy,1,FALSE
giiut6c,NA,NA,0,FALSE
giiux2r,NA,analysis,1,FALSE
giivyh4,NA,"removal
strategy",2,FALSE
giiw2j1,NA,"strategy
r/datahorders
removal",2,FALSE
giix4vk,NA,NA,0,FALSE
giixt5q,NA,fbi,1,FALSE
giixuwv,NA,arguing,1,FALSE
giiy2xq,NA,evidence,1,FALSE
giiy9xl,NA,"evidence
strategy",2,FALSE
giiyjj0,NA,arguing,1,FALSE
giiyn2j,NA,fbi,1,FALSE
giiz22c,NA,arguing,1,FALSE
giiz2qa,NA,seeding,1,FALSE
giiz3mv,NA,arguing,1,FALSE
giiz8wu,NA,strategy,1,FALSE
giizinn,NA,arguing,1,FALSE
gij026q,NA,NA,0,FALSE
gij0jdp,NA,NA,0,FALSE
gij12pv,NA,evidence,1,FALSE
gij1f9g,NA,evidence,3,FALSE
gij3piu,NA,NA,0,FALSE
gij3qsw,NA,encouragement,1,FALSE
gij3sc3,NA,evidence,1,FALSE
gij4vm5,NA,arguing,1,FALSE
gij5e1l,NA,strategy,1,FALSE
gij6a16,NA,arguing,1,FALSE
gij6k3c,NA,arguing,1,FALSE
gij7awm,NA,seeding,1,FALSE
gij8iks,NA,evidence,1,FALSE
gija0v8,NA,NA,0,FALSE
gija6vs,NA,evidence,1,FALSE
gijbmrx,NA,seeding,1,FALSE
gijboex,NA,"evidence
doxing",1,FALSE
gijbzfm,NA,seeding,1,FALSE
gijcgyy,NA,strategy,1,FALSE
gijd8yb,NA,seeding,1,FALSE
gijdy12,NA,NA,0,FALSE
gijdyiz,NA,NA,0,FALSE
gijedm5,NA,evidence,1,FALSE
gijer3n,NA,NA,0,FALSE
gijgusc,NA,evidence,1,FALSE
gijh0in,NA,seeding,1,FALSE
giji1wg,NA,NA,0,FALSE
giji5yz,NA,evidence,1,FALSE
giji9yv,NA,analysis,1,FALSE
gijiex1,NA,seeding,1,FALSE
gijiqxe,NA,evidence,1,FALSE
gijiwhs,NA,NA,0,FALSE
gijjtez,NA,strategy,1,FALSE
gijkocf,NA,seeding,1,FALSE
gijl7cx,NA,doxing,1,FALSE
gijlgel,NA,doxing,1,FALSE
gijn39c,NA,seeding,1,FALSE
gijnf9c,NA,NA,0,FALSE
gijot5s,NA,NA,0,FALSE
gijqfdb,NA,removal,1,FALSE
gijqgdf,NA,"!!!
doxing
caution",1,FALSE
gijri9w,NA,"evidence
removal",1,FALSE
gijrke0,NA,seeding,1,FALSE
gijrqfo,NA,analysis,1,FALSE
gijrviq,NA,removal,1,FALSE
gijseo0,NA,evidence,1,FALSE
gijsqvd,NA,strategy,1,FALSE
gijtbyq,NA,outside_project,1,FALSE
gijusgt,NA,NA,0,FALSE
gijw468,NA,evidence,2,FALSE
gijw5dw,NA,saving,1,FALSE
gijw9cs,NA,removal,1,FALSE
gijwhip,NA,"motivation
seeding",1,FALSE
gijwj7o,NA,strategy,1,FALSE
gijwmyh,NA,NA,0,FALSE
gijxh7t,NA,"motivation
saving",1,FALSE
gijxjkj,NA,strategy,1,FALSE
gijy4d9,NA,"evidence
fbi",1,FALSE
gijy5mu,NA,strategy,1,FALSE
gijyixv,NA,NA,0,FALSE
gijzf1s,NA,NA,0,FALSE
gijzjr4,NA,strategy,1,FALSE
gik04nt,NA,analysis,1,FALSE
gik0xq7,NA,seeding,2,FALSE
gik1xuu,NA,analysis,1,FALSE
gik21f6,NA,strategy,1,FALSE
gik3ngi,NA,removal,1,FALSE
gik43bl,NA,encouragement,1,FALSE
gik4i1k,NA,strategy,1,FALSE
gik4vh8,NA,seeding,1,FALSE
gik54tv,NA,NA,0,FALSE
gik58lq,NA,seeding,1,FALSE
gik5b95,NA,NA,0,FALSE
gik5n7g,NA,evidence,1,FALSE
gik6box,NA,NA,0,FALSE
gik868e,NA,strategy,1,FALSE
gik8hxa,NA,strategy,1,FALSE
gik8jfn,NA,strategy,1,FALSE
gik90vg,NA,NA,0,FALSE
gik9jn1,NA,strategy,1,FALSE
gik9sf5,NA,analysis,1,FALSE
gika4g0,NA,evidence,1,FALSE
gikbvre,NA,arguing,1,FALSE
gikc409,NA,seeding,1,FALSE
gikcnqb,NA,evidence,1,FALSE
gikd8me,NA,evidence,1,FALSE
gikdpl1,NA,strategy,1,FALSE
gikdpz9,NA,evidence,1,FALSE
gikdv1j,NA,strategy,1,FALSE
gike3o3,NA,seeding,1,FALSE
gikf04u,NA,evidence,1,FALSE
gikfthv,NA,NA,0,FALSE
gikfz1j,NA,evidence,1,FALSE
gikheij,NA,seeding,1,FALSE
gikhlth,NA,"removal
strategy",1,FALSE
gikhz5q,NA,analysis,1,FALSE
gikj30t,NA,fbi,1,FALSE
gikjbdp,NA,evidence,1,FALSE
gikkc72,NA,strategy,1,FALSE
giklrsm,NA,strategy,1,FALSE
gikmqf0,NA,strategy,1,FALSE
gikobu6,NA,"evidence
doxing
motivation
analysis",5,FALSE
gikoqpa,NA,NA,0,FALSE
gikp9i4,NA,strategy,1,FALSE
gikpk0a,NA,fbi,1,FALSE
gikpoax,NA,fbi,1,FALSE
gikqgfn,NA,evidence,2,FALSE
gikqvbl,NA,evidence,2,FALSE
gikrn50,NA,seeding,1,FALSE
giksh2m,NA,NA,0,FALSE
giksh44,NA,NA,0,FALSE
giksion,NA,fbi,1,FALSE
giku3t3,NA,NA,0,FALSE
gikuayw,NA,strategy,1,FALSE
gikujvr,NA,NA,0,FALSE
gikwfob,NA,analysis,1,FALSE
gikwu9m,NA,arguing,1,FALSE
gikxmrd,NA,strategy,1,FALSE
gikyi71,NA,evidence,1,FALSE
gikzqag,NA,!!!,1,FALSE
gil0ebc,NA,arguing,1,FALSE
gil28ay,NA,"scope
evidence",1,FALSE
gil2dcl,NA,NA,0,FALSE
gil2t8g,NA,NA,0,FALSE
gil3cb1,NA,NA,0,FALSE
gil3vas,NA,NA,0,FALSE
gil3z74,NA,NA,0,FALSE
gil4nhf,NA,evidence,6,FALSE
gil5qnm,NA,NA,0,FALSE
gil85io,NA,strategy,1,FALSE
gil8jvq,NA,NA,0,FALSE
gil8l83,NA,NA,0,FALSE
gil99cn,NA,NA,0,FALSE
gila25l,NA,seeding,1,FALSE
gilbcsr,NA,NA,0,FALSE
gilbkws,NA,NA,0,FALSE
gilbmai,NA,evidence,1,FALSE
gilbsto,Pointing out potential target for crowd to investigate OUTSIDE of capitol activity ,"evidence
fbi",2,FALSE
gilbwqs,NA,"fbi
!!!",1,FALSE
gilcyh6,NA,NA,0,FALSE
gild3or,NA,caution,1,FALSE
gild5ko,NA,evidence,1,FALSE
gildfnk,NA,arguing,1,FALSE
gildhay,NA,NA,0,FALSE
gilebs6,NA,strategy,1,FALSE
giledy2,NA,arguing,1,FALSE
gilelib,NA,evidence,1,FALSE
gilfalq,NA,"fbi
removal",1,FALSE
gilfexs,NA,seeding,1,FALSE
gilfftp,NA,evidence,1,FALSE
gilgl8y,NA,removal,1,FALSE
gilh22w,NA,NA,0,FALSE
gilh3nt,NA,NA,0,FALSE
gilk7a9,NA,evidence,3,FALSE
gillxbu,NA,NA,0,FALSE
gilogor,NA,analysis,1,FALSE
gilolav,NA,strategy,1,FALSE
gilop5z,NA,analysis,1,FALSE
gilovlj,NA,analysis,1,FALSE
gilpqvy,NA,analysis,1,FALSE
gilr26x,NA,r/datahorders,1,FALSE
gilr2mk,NA,evidence,1,FALSE
gilrodu,NA,evidence,1,FALSE
gilsovc,NA,seeding,1,FALSE
gilswlp,NA,"!!!
doxing",1,FALSE
gilt5vc,NA,"!!!
doxing",1,FALSE
gilv1ss,NA,strategy,1,FALSE
gilvvjo,NA,NA,0,FALSE
gilvxen,NA,"evidence
doxing",1,FALSE
gilw64t,NA,strategy,1,FALSE
gilw8ds,NA,NA,0,FALSE
gilw8ke,NA,NA,0,FALSE
gilwauj,NA,"motivation
seeding",1,FALSE
gilwwqx,NA,NA,0,FALSE
gilxatb,NA,fbi,1,FALSE
gilxf02,NA,NA,0,FALSE
gily85x,NA,evidence,1,FALSE
gilydqt,NA,NA,0,FALSE
gilz424,NA,NA,0,FALSE
gilz6vh,NA,NA,0,FALSE
gilzaoc,NA,NA,0,FALSE
gim0q8p,NA,NA,0,FALSE
gim26na,NA,motivation,1,FALSE
gim2xvh,NA,NA,0,FALSE
gim56xs,NA,strategy,1,FALSE
gim5sbc,NA,NA,0,FALSE
gim5sdc,NA,NA,0,FALSE
gim5sjg,NA,NA,0,FALSE
gim5u23,NA,NA,0,FALSE
gim7cvq,NA,strategy,1,FALSE
gimanzq,NA,"!!!
caution
strategy",1,FALSE
gimb6n1,NA,NA,0,FALSE
gimcenn,NA,analysis,1,FALSE
gimdxd6,NA,"!!!
removal",1,FALSE
gimff33,NA,"motivation
evidence",1,FALSE
gimgnqy,NA,NA,0,FALSE
gimh0ey,NA,"!!!
doxing",1,FALSE
gimi40c,NA,NA,0,FALSE
gimioht,NA,"doxing
evidence",3,FALSE
gimitd8,NA,NA,0,FALSE
gimkf1u,NA,encouragement,1,FALSE
gimr5pr,NA,strategy,1,FALSE
gimrnex,NA,evidence,1,FALSE
gimrv01,NA,saving,1,FALSE
gimsm4n,NA,"!!!
caution
doxing",1,FALSE
gimtlau,NA,NA,0,FALSE
gimu085,NA,doxing,1,FALSE
gimvet1,NA,NA,0,FALSE
gimvvqh,NA,"evidence
motivation",1,FALSE
gimwnxe,NA,NA,0,FALSE
gimz62r,NA,caution,1,FALSE
gimzem2,NA,NA,0,FALSE
gimzoc3,NA,NA,0,FALSE
gimzqhp,NA,NA,0,FALSE
gimzr8k,NA,NA,0,FALSE
gimzzl7,NA,NA,0,FALSE
gin035z,NA,motivation,1,FALSE
gin065r,NA,NA,0,FALSE
gin07uw,NA,strategy,1,FALSE
gin2rev,NA,NA,0,FALSE
gin5djo,NA,evidence,1,FALSE
gin9gam,NA,evidence,1,FALSE
ginatf5,NA,strategy,1,FALSE
gingbsu,NA,strategy,1,FALSE
ginkm1k,NA,evidence,1,FALSE
ginoq01,NA,"strategy
removal",2,FALSE
ginqep5,NA,saving,1,FALSE
ginr9dm,NA,strategy,1,FALSE
ginrfgm,NA,NA,0,FALSE
ginri15,NA,strategy,1,FALSE
ginrthi,NA,NA,0,FALSE
gins0ai,NA,NA,0,FALSE
gins225,NA,saving,1,FALSE
ginsa9q,NA,NA,0,FALSE
gint29i,NA,NA,0,FALSE
ginwbmw,NA,NA,0,FALSE
ginwuka,NA,NA,0,FALSE
ginz21l,NA,strategy,1,FALSE
ginzjds,NA,"evidence
scope",1,FALSE
ginzuzr,NA,evidence,1,FALSE
gio1w2q,NA,seeding,1,FALSE
gio21uw,NA,removal,1,FALSE
gio38nt,NA,evidence,1,FALSE
gio4i0h,NA,strategy,1,FALSE
gio6vx3,NA,"evidence
doxing",3,FALSE
gio89as,NA,evidence,1,FALSE
gio8kgg,NA,NA,0,FALSE
gio8z9t,NA,evidence,1,FALSE
giob1p4,NA,removal,1,FALSE
giobosm,NA,NA,0,FALSE
gioc3oi,NA,seeding,1,FALSE
giog15b,NA,strategy,1,FALSE
gioijzs,NA,evidence,1,FALSE
giokah4,NA,NA,0,FALSE
giondnc,NA,NA,0,FALSE
gioneqq,NA,NA,0,FALSE
gionevz,NA,"!!!
doxing",1,FALSE
gionxih,NA,NA,0,FALSE
gioo9bo,NA,NA,0,FALSE
gioorph,NA,NA,0,FALSE
giopnof,NA,NA,0,FALSE
gioppst,NA,"doxing
strategy",1,FALSE
gioq977,NA,NA,0,FALSE
gioqef5,NA,NA,0,FALSE
gioqn7u,NA,NA,0,FALSE
giotral,NA,"!!!
caution",1,FALSE
gioyvq0,NA,"strategy
removal",1,FALSE
gip04qx,NA,evidence,1,FALSE
gip0dzk,NA,seeding,1,FALSE
gip10af,NA,evidence,1,FALSE
gip16ab,NA,removal,1,FALSE
gip1vpv,NA,strategy,1,FALSE
gip249w,NA,NA,0,FALSE
gip2czc,NA,NA,0,FALSE
gip2e90,NA,evidence,1,FALSE
gip2q7q,NA,evidence,1,FALSE
gip461j,NA,NA,0,FALSE
gip4xp6,NA,NA,0,FALSE
gipaunr,NA,motivation,1,FALSE
gipfaa7,NA,"!!!
caution",1,FALSE
gipfm12,NA,removal,1,FALSE
gipgpb1,NA,evidence,1,FALSE
gipgsqy,NA,evidence,1,FALSE
gipgvun,NA,evidence,1,FALSE
gipgwzc,NA,evidence,1,FALSE
gipgxf7,NA,evidence,1,FALSE
gipjcme,NA,NA,0,FALSE
gipow1p,NA,caution,1,FALSE
giprj5d,NA,"caution
removal
!!!",1,FALSE
giprne3,NA,"removal
!!!",1,FALSE
giq0hr3,NA,arguing,1,FALSE
giq365a,NA,doxing,1,FALSE
giq3yjk,NA,evidence,1,FALSE
giq46ua,NA,strategy,1,FALSE
giq6n5o,NA,NA,0,FALSE
giq81ca,NA,evidence,1,FALSE
giq88ja,NA,"doxing
evidence
removal",4,FALSE
giq9muu,NA,NA,0,FALSE
giq9s7g,NA,evidence,1,FALSE
giqc61q,NA,evidence,1,FALSE
giqdaye,NA,evidence,1,FALSE
giqegkl,NA,evidence,1,FALSE
giqg87q,NA,evidence,1,FALSE
giqhcjv,NA,evidence,1,FALSE
giqhijz,NA,seeding,1,FALSE
giqknh3,NA,evidence,1,FALSE
giqlqrk,NA,strategy,1,FALSE
giqocb6,NA,evidence,2,FALSE
giqownm,NA,strategy,1,FALSE
giqpmxm,NA,evidence,1,FALSE
giqqjgu,NA,NA,0,FALSE
giqslqf,NA,"evidence
!!!",2,FALSE
giqw880,NA,strategy,1,FALSE
giqzi50,NA,caution,1,FALSE
giqzs5s,NA,strategy,1,FALSE
giqztm4,NA,strategy,1,FALSE
gir3ybb,NA,NA,0,FALSE
gir4diz,NA,evidence,1,FALSE
gir7zsq,NA,NA,0,FALSE
gir8y92,NA,NA,0,FALSE
girblu6,NA,seeding,1,FALSE
girc79p,NA,"evidence
strategy",2,FALSE
gircoe2,NA,evidence,2,FALSE
gireato,NA,NA,0,FALSE
girei8o,NA,evidence,1,FALSE
girfp37,NA,NA,0,FALSE
girgb4m,NA,motivation,1,FALSE
girieg8,NA,NA,0,FALSE
girjpnu,NA,seeding,1,FALSE
girmy0s,NA,NA,0,FALSE
giroia8,NA,strategy,1,FALSE
girpg6z,NA,NA,0,FALSE
girpjpo,NA,NA,0,FALSE
girpmea,NA,NA,0,FALSE
girpt8b,NA,NA,0,FALSE
girpww0,NA,NA,0,FALSE
girpy7q,NA,NA,0,FALSE
girq7hd,NA,NA,0,FALSE
girr39d,NA,NA,0,FALSE
girrbqa,NA,NA,0,FALSE
girrc9a,NA,NA,0,FALSE
girruyw,NA,strategy,1,FALSE
girvgy7,NA,NA,0,FALSE
girvk3i,NA,evidence,1,FALSE
girwdwa,NA,evidence,3,FALSE
girxqqw,NA,doxing,1,FALSE
girye3w,NA,NA,0,FALSE
giryl5l,NA,NA,0,FALSE
gis1gcm,NA,NA,0,FALSE
gis2wr1,NA,strategy,1,FALSE
gis3nkb,NA,NA,0,FALSE
gis47zy,NA,evidence,1,FALSE
gis4l55,NA,NA,0,FALSE
gis5jny,NA,NA,0,FALSE
gis7lmy,NA,evidence,1,FALSE
gis7tep,NA,NA,0,FALSE
gis8oga,NA,NA,0,FALSE
gis9xpw,NA,NA,0,FALSE
gise1bu,NA,NA,0,FALSE
gisfp9z,NA,NA,0,FALSE
gisfv1h,NA,evidence,1,FALSE
gisivvs,NA,NA,0,FALSE
gisj5rd,NA,evidence,1,FALSE
gisjwgu,NA,NA,0,FALSE
gisjz59,NA,evidence,1,FALSE
giskf2d,NA,strategy,1,FALSE
gisl2ct,NA,strategy,1,FALSE
gismvzm,NA,NA,0,FALSE
gisn9cd,NA,"evidence
caution",1,FALSE
giso3f6,NA,NA,0,FALSE
gisomoo,NA,NA,0,FALSE
gispy8t,NA,strategy,1,FALSE
gisqjcc,NA,evidence,1,FALSE
gisqoo1,NA,evidence,1,FALSE
gisrq0p,NA,strategy,1,FALSE
gisrvyv,NA,NA,0,FALSE
gissl96,NA,evidence,1,FALSE
gissudf,NA,evidence,1,FALSE
gistcqs,NA,evidence,1,FALSE
gisv6vb,NA,evidence,1,FALSE
gisvv1r,NA,strategy,1,FALSE
gisw2c4,NA,strategy,1,FALSE
giswiur,NA,NA,0,FALSE
gisx7ql,NA,caution,1,FALSE
gisz8xf,NA,"outside_project
doxing",1,FALSE
giszgks,NA,evidence,1,FALSE
giszux6,NA,seeding,1,FALSE
git14da,NA,NA,0,FALSE
git1btu,NA,doxing,1,FALSE
git1zas,NA,strategy,1,FALSE
git2zeu,NA,fbi,1,FALSE
git36b8,NA,NA,0,FALSE
git4ae1,NA,doxing,1,FALSE
git4mjs,NA,strategy,1,FALSE
git71es,NA,NA,0,FALSE
git757i,NA,evidence,1,FALSE
git85qh,NA,evidence,1,FALSE
git99ab,NA,strategy,1,FALSE
git99tv,NA,evidence,1,FALSE
gitabu7,NA,NA,0,FALSE
gitc2gq,NA,strategy,1,FALSE
gitcm75,NA,strategy,1,FALSE
gitd8un,NA,analysis,1,FALSE
gitdoez,NA,evidence,1,FALSE
gite4gk,NA,encouragement,1,FALSE
gite8zw,NA,evidence,1,FALSE
giteiyi,NA,NA,0,FALSE
gitem8n,NA,strategy,1,FALSE
gith17d,NA,evidence,1,FALSE
githa8w,NA,strategy,1,FALSE
githkde,NA,NA,1,FALSE
gitl257,NA,evidence,1,FALSE
gitl7dj,NA,NA,0,FALSE
gitmz6w,NA,evidence,1,FALSE
gitq5rd,NA,evidence,1,FALSE
gitr0yc,NA,NA,0,FALSE
gitr90h,NA,evidence,1,FALSE
gitrug6,NA,NA,0,FALSE
gitsfm2,NA,evidence,1,FALSE
gitsw6q,NA,NA,0,FALSE
gitt4fi,NA,!!!,1,FALSE
gitu4pm,NA,evidence,7,FALSE
gityyu1,NA,seeding,1,FALSE
giu3wff,NA,evidence,1,FALSE
giu42on,NA,evidence,1,FALSE
giu4igr,NA,strategy,1,FALSE
giu4ome,NA,strategy,1,FALSE
giu4tp5,NA,strategy,1,FALSE
giu580t,NA,strategy,1,FALSE
giu63nr,NA,strategy,1,FALSE
giu6e2x,NA,strategy,1,FALSE
giu6i0t,NA,strategy,1,FALSE
giu75sv,NA,encouragement,1,FALSE
giu7pvc,NA,strategy,1,FALSE
giu7tl1,NA,strategy,1,FALSE
giu8gr6,NA,NA,0,FALSE
giu91gv,NA,evidence,1,FALSE
giu9m0o,NA,NA,0,FALSE
giubqqe,NA,"evidence
doxing",1,FALSE
giubw3a,NA,seeding,1,FALSE
giucl9q,NA,evidence,1,FALSE
giudkaw,NA,NA,0,FALSE
giudpa0,NA,evidence,1,FALSE
giufo3x,NA,doxing,1,FALSE
giui625,NA,doxing,1,FALSE
giui8wn,NA,strategy,1,FALSE
giuiayb,NA,NA,0,FALSE
giuj3vb,NA,NA,0,FALSE
giujbu0,NA,NA,0,FALSE
giul95t,NA,strategy,1,FALSE
giumpfg,NA,evidence,1,FALSE
giuohu3,NA,evidence,1,FALSE
giuoinj,NA,NA,0,FALSE
giutl9f,NA,saving,1,FALSE
giv0kjn,NA,evidence,1,FALSE
givd38b,NA,NA,0,FALSE
givd8oo,NA,fbi,1,FALSE
givfmde,NA,NA,0,FALSE
givjued,NA,NA,0,FALSE
givkugk,NA,evidence,1,FALSE
givnf3k,NA,doxing,1,FALSE
givnxru,NA,evidence,1,FALSE
givny9k,NA,evidence,1,FALSE
givoghz,NA,evidence,1,FALSE
givyw09,NA,evidence,1,FALSE
giw69sv,NA,encouragement,1,FALSE
giwekv7,NA,"evidence
!!!",2,FALSE
giwggg9,NA,NA,0,FALSE
giwgp1w,NA,motivation,1,FALSE
giwn47l,NA,strategy,1,FALSE
giwo24o,NA,"evidence
doxing",3,FALSE
giwpay4,NA,NA,0,FALSE
giwrsac,NA,seeding,1,FALSE
giwrunz,NA,saving,1,FALSE
giwrvp1,NA,saving,1,FALSE
giwxo63,NA,strategy,1,FALSE
gixdmr6,NA,strategy,1,FALSE
gixpzkm,NA,removal,1,FALSE
gixx9iw,NA,seeding,1,FALSE
giy4012,NA,fbi,1,FALSE
giy5lec,NA,NA,0,FALSE
giydtgh,NA,saving,1,FALSE
giytp66,NA,evidence,1,FALSE
giyusbo,NA,strategy,1,FALSE
giyx13v,NA,strategy,1,FALSE
giz917t,NA,NA,0,FALSE
giz9uub,NA,"!!!
doxing
fbi",1,FALSE
gize5bu,NA,evidence,1,FALSE
gizfrmp,NA,evidence,1,FALSE
gizhpr9,NA,evidence,1,FALSE
gizxvup,NA,NA,0,FALSE
gj019fr,NA,analysis,1,FALSE
gj04s7c,NA,strategy,1,FALSE
gj0aaes,NA,strategy,1,FALSE
gj0agjr,NA,saving,1,FALSE
gj0b26l,NA,saving,1,FALSE
gj0ar1y,NA,saving,1,FALSE
gj0c8w9,NA,NA,0,FALSE
gj0qz82,NA,NA,0,FALSE
gj0rny7,NA,strategy,1,FALSE
gj0ysgi,NA,arguing,1,FALSE
gj0zj8e,NA,strategy,1,FALSE
gj13eco,NA,arguing,1,FALSE
gj15pw6,NA,NA,0,FALSE
gj15q9p,NA,evidence,1,FALSE
gj1awkr,NA,arguing,1,FALSE
gj1fhti,NA,seeding,1,FALSE
gj1fm1q,NA,NA,0,FALSE
gj1ojw0,NA,NA,0,FALSE
gj1q9ub,NA,seeding,1,FALSE
gj1qir0,NA,NA,0,FALSE
gj216nk,NA,NA,0,FALSE
gj224tv,NA,evidence,1,FALSE
gj22p83,NA,arguing,1,FALSE
gj22vop,NA,saving,1,FALSE
gj23bt4,NA,analysis,1,FALSE
gj242ii,NA,saving,1,FALSE
gj27se8,NA,"doxing
evidence",1,FALSE
gj27v4x,NA,strategy,1,FALSE
gj2zijp,NA,saving,1,FALSE
gj3gu7r,NA,saving,1,FALSE
gj36kaf,NA,"evidence
doxing",1,FALSE
gj3bd1o,NA,"doxing
evidence
scope",1,FALSE
gj3cpvm,NA,"encouragement
evidence",1,FALSE
gj3gun1,NA,saving,1,FALSE
gj3gv6s,NA,NA,0,FALSE
gj3gwok,NA,saving,1,FALSE
gj3hadt,NA,saving,1,FALSE
gj3hefg,NA,saving,1,FALSE
gj3ibdn,NA,"doxing
fbi",1,FALSE
gj3jsfx,NA,"motivation
doxing",2,FALSE
gj3tesc,NA,evidence,1,FALSE
gj4ggcm,NA,evidence,1,FALSE
gj4h6k8,NA,strategy,1,FALSE
gj4nrbl,NA,encouragement,1,FALSE
gj4p7rx,NA,strategy,1,FALSE
gj4qgjq,NA,NA,0,FALSE
gj4qnyd,NA,"evidence
doxing",1,FALSE
gj4st4e,NA,strategy,1,FALSE
gj4ym1i,NA,evidence,1,FALSE
gj51wek,NA,strategy,1,FALSE
gj54oi8,NA,evidence,1,FALSE
gj555yn,NA,saving,1,FALSE
gj562zx,NA,saving,1,FALSE
gj5amzu,NA,encouragement,1,FALSE
gj5dkm0,NA,evidence,1,FALSE
gj5ii6q,NA,evidence,1,FALSE
gj5iv2b,NA,saving,1,FALSE
gj5jx44,NA,saving,1,FALSE
gj5xvra,NA,"seeding
strategy",2,FALSE
gj6bj39,NA,evidence,1,FALSE
gj6l6g5,NA,evidence,1,FALSE
gj6sowm,NA,saving,1,FALSE
gj6sweb,NA,encouragement,1,FALSE
gj6z2db,NA,NA,0,FALSE
gj71w6f,NA,"removal
!!!",1,FALSE
gj72c23,NA,strategy,1,FALSE
gj72lbx,NA,encouragement,1,FALSE
gj7i7zd,NA,strategy,1,FALSE
gj7i9r5,NA,NA,0,FALSE
gj7mhh1,NA,strategy,1,FALSE
gj7p8ii,NA,NA,0,FALSE
gj7q0g1,NA,seeding,1,FALSE
gj7qqy3,NA,strategy,1,FALSE
gj7r220,NA,NA,0,FALSE
gj7rpka,NA,NA,0,FALSE
gj7svvm,NA,strategy,1,FALSE
gj7szll,NA,strategy,1,FALSE
gj826fz,NA,strategy,1,FALSE
gj86iq3,NA,NA,0,FALSE
gj86k7k,NA,NA,0,FALSE
gj8neni,NA,NA,0,FALSE
gj8oil7,NA,evidence,1,FALSE
gj8r9lx,NA,motivation,1,FALSE
gj8w244,NA,NA,0,FALSE
gj92izo,NA,"!!!
doxing",1,FALSE
gj942vj,NA,NA,0,FALSE
gj9bpyn,NA,evidence,1,FALSE
gj9kjrd,NA,saving,1,FALSE
gj9ugfa,NA,saving,1,FALSE
gjaomdn,NA,saving,1,FALSE
gj9kl7o,NA,removal,1,FALSE
gj9nzcb,NA,evidence,1,FALSE
gj9ti90,NA,doxing,1,FALSE
gj9ucvo,NA,strategy,1,FALSE
gj9y2r8,NA,NA,0,FALSE
gja9967,NA,evidence,1,FALSE
gjaaoiy,NA,doxing,1,FALSE
gjaaoss,NA,doxing,1,FALSE
gjaitwz,NA,"!!!
doxing
removal",3,FALSE
gjax9d8,NA,evidence,1,FALSE
gjb044y,NA,evidence,1,FALSE
gjb08vf,NA,saving,1,FALSE
gjb0aqy,NA,NA,0,FALSE
gjb1f5p,NA,"saving
evidence",1,FALSE
gjb4z7e,NA,strategy,1,FALSE
gjbaidr,NA,NA,0,FALSE
gjbga6n,NA,evidence,1,FALSE
gjbgbk8,NA,NA,0,FALSE
gjblfgf,NA,evidence,1,FALSE
gjblv7q,NA,saving,1,FALSE
gjbn3lj,NA,strategy,1,FALSE
gjbnv58,NA,encouragement,1,FALSE
gjccmik,NA,saving,1,FALSE
gjdrtu6,NA,seeding,1,FALSE
gjdt930,NA,evidence,1,FALSE
gjdw47n,NA,"doxing
saving",2,FALSE
gjeyr15,NA,NA,0,FALSE
gjf5vlc,NA,NA,0,FALSE
gjf6bv6,NA,NA,0,FALSE
gjfteh2,NA,strategy,1,FALSE
gjg7i4u,NA,strategy,1,FALSE
gjh1w88,NA,evidence,1,FALSE
gjh8qu1,NA,evidence,1,FALSE
gjh9xql,NA,seeding,1,FALSE
gjhahml,NA,"evidence
doxing",2,FALSE
gjhbwqn,NA,NA,0,FALSE
gjhee1b,NA,evidence,1,FALSE
gjhiz0p,NA,"!!!
doxing
strategy",1,FALSE
gjhpikn,NA,"outside_project
analysis
!!!",1,FALSE
gjhpzgu,NA,doxing,1,FALSE
gji1rcq,NA,arguing,1,FALSE
gjik65r,NA,strategy,1,FALSE
gjinbeh,NA,evidence,1,FALSE
gjjjkuf,NA,"!!!
encouragement
participants
doxing",6,FALSE
gjjjtzl,NA,NA,0,FALSE
gjjk03t,NA,"doxing
strategy",1,FALSE
gjk2ogk,NA,NA,0,FALSE
gjkmh64,NA,strategy,1,FALSE
gjm86x0,NA,evidence,1,FALSE
gjmuame,NA,evidence,1,FALSE
gjo6gs2,NA,seeding,1,FALSE
gjp474t,NA,NA,0,FALSE
gjp8ng2,NA,seeding,1,FALSE
gjp9ddn,NA,NA,0,FALSE
gjpst4q,NA,NA,0,FALSE
gjqcp72,NA,evidence,1,FALSE
gjrzaar,NA,strategy,1,FALSE
gjrzdpn,NA,NA,0,FALSE
gjsua5t,NA,"!!!
fbi
caution
strategy",1,FALSE
gjt4y1c,NA,saving,1,FALSE
gjt6j3y,NA,NA,0,FALSE
gjued8h,NA,saving,1,FALSE
gjuhc76,NA,"evidence
doxing",1,FALSE
gjwjwrm,NA,"encouragement
motivation",1,FALSE
gk0q876,NA,"doxing
evidence",1,FALSE
gk23ss7,NA,NA,0,FALSE
gk28d80,NA,NA,0,FALSE
gk2abjq,NA,NA,0,FALSE
gk4ku68,NA,"doxing
outside_project",1,FALSE
gkeanyt,NA,evidence,1,FALSE
gkhq7tz,NA,NA,0,FALSE
gkjkoww,NA,NA,0,FALSE
gkjkrr0,NA,NA,0,FALSE
gkoqefa,NA,saving,1,FALSE
gkoqkf7,NA,saving,1,FALSE
gktbpw2,NA,doxing,1,FALSE
gl4d66x,NA,NA,0,FALSE
gl5zdiy,NA,"doxing
strategy",1,FALSE
glusjx3,NA,NA,0,FALSE
glxc6qj,NA,strategy,1,FALSE
glyacci,NA,"!!!
caution",1,FALSE
gm2w7q7,NA,arguing,1,FALSE
gm8zzhr,NA,NA,0,FALSE
gmlvl05,NA,"!!!
outside_project",1,FALSE
gmskka5,NA,strategy,1,FALSE
gmsmpwi,NA,strategy,1,FALSE
gmvpmze,NA,NA,0,FALSE
gmx0aai,NA,NA,0,FALSE
gn5r145,NA,evidence,1,FALSE
gnv7fh7,NA,evidence,1,FALSE
gny4rgf,NA,seeding,1,FALSE
